nom,metier,ville,adresse,telephone,email
ALLO PLOMBIER,Plombier,PARIS,15 RUE GODOT DE MAUROY 75009 PARIS,,
PLOMBIER REGIS (PLOMBIER REGIS),Plombier,PANTIN,27 RUE DES SEPT ARPENTS 93500 PANTIN,0980809355,
LES BONS PLOMBIERS (LES BONS PLOMBIERS),Plombier,PARIS,9 AVENUE JEAN JAURES 75019 PARIS,0180914320,
ASR PLOMBIER (ASR PLOMBIER PARIS),Plombier,PARIS,18 RUE SAINT-SEVERIN 75005 PARIS,,
CHER PLOMBIER PAS,Plombier,PARIS,4 RUE DU SERGENT HOFF 75017 PARIS,,
TARIF PLOMBIER,Plombier,PARIS,100 RUE D'ALESIA 75014 PARIS,0184148634,
PARIS PLOMBIER,Plombier,PARIS,7 RUE MASSENET 75016 PARIS,,
PLOMBIER SOS,Plombier,PARIS,23 RUE CAULAINCOURT 75018 PARIS,0185083034,
C LE PLOMBIER,Plombier,PARIS,22-24 22 RUE DE LA FONTAINE AU ROI 75011 PARIS,,
MOI PLOMBIER AUTOUR DE,Plombier,PARIS,5 RUE BAUSSET 75015 PARIS,,
PROXIMITE PLOMBIER A,Plombier,PARIS,21 RUE SIBUET 75012 PARIS,,
BASICO PLOMBIER CHAUFFAGISTE (BPC),Plombier,PARIS,40 RUE DES BLANCS MANTEAUX 75004 PARIS,0186619690,
LES DEPANNEURS PLOMBIERS,Plombier,PARIS,26 RUE DAMREMONT 75018 PARIS,0974735472,
L'AMI PLOMBIER,Plombier,PARIS,97 RUE DE LA TOMBE ISSOIRE 75014 PARIS,,
LES FRERES PLOMBIERS (LES FRERES PLOMBIERS) (LFP),Plombier,PARIS,CHEZ SOFRADOM 19 AVENUE D'ITALIE 75013 PARIS,,
PLOMBIER AUTOUR DE MOI,Plombier,PARIS,,0974735472,
LES PLOMBIERS PARISIENS,Plombier,PARIS,,0184148634,
PLOMBIER EXPERT,Plombier,PARIS,,0184148634,
L'ATELIER DU PLOMBIER,Plombier,VILLEJUIF,,0615091730,
LE PLOMBIER GENTLEMAN,Plombier,PARIS,,0179725020,
PLOMBIER URGENCE,Plombier,PARIS,,0185094929,
CHATILLON DUPUY PLOMBIER,Plombier,CHATILLON,,0184183119,
CLAMART URGENCE PLOMBIER,Plombier,CLAMART,,0184236223,
COLOMBES URGENCE PLOMBIER,Plombier,COLOMBES,,0143676767,
PLOMBIER AD,Plombier,BOULOGNE-BILLANCOURT,,0183645828,
LEVALLOIS-PERRET URGENCE PLOMBIER,Plombier,LEVALLOIS-PERRET,,0184809807,
PLOMBIER CHAUFFAGISTE BAGNEUX,Plombier,BAGNEUX,,0972598528,
SARL FRANCILIENNE COUVERTURE-PLOMBIER,Plombier,AUBERVILLIERS,,0736900015,
ARTISAN CHAUFFAGISTE PLOMBIER - A.C.P,Plombier,MONTREUIL,,0631751535,
STEPHANE HENRIO PLOMBIER CHAUFFAGISTE,Plombier,SAINT-MAUR-DES-FOSSES,,0771736429,
PLOMBI 93,Plombier,AUBERVILLIERS,,0184809807,
PLOMBIER SYSTEME,Plombier,PARIS,,0186983406,
UNION DES PLOMBIERS CHAUFFAGISTES,Plombier,IVRY-SUR-SEINE,,0794417000,
ENTREPRISE A2B,Électricien,PARIS,,0158929381,
ELECTRICIENS DE PARIS,Électricien,PARIS,,0149515588,
ADRIEN ELECTRICIEN,Électricien,PARIS,,0663732653,
ELECTRICIENS ASSOCIES DE FRANCE,Électricien,PARIS,,0140304783,
MON ELECTRICIEN A VELO,Électricien,PARIS,,0767127052,
SOS ELECTRICIEN DEPANNAGE,Électricien,PARIS,,0153752719,
FEDERATION FRANCAISE DES INTEGRATEURS ELECTRICIENS,Électricien,PARIS,,0160657034,
CLUB OMNISPORTS DES ELECTRICIENS ET GAZIERS,Électricien,PARIS,,0770706960,
L'ARTISAN SERRURIER VITRIER PLOMBIER ELECTRICIEN PARIS,Électricien,PARIS,,0644699513,
ELECTRICIEN DU 5EME,Électricien,PARIS,,0188335756,
L'ELECTRICIEN,Électricien,PARIS,,0757913848,
COURBEVOIE GUY ELECTRICIEN,Électricien,COURBEVOIE,,0185532794,
LES ELECTRICIENS REUNIS DU BATIMENT,Électricien,PARIS,,0514500037,
PLOMBIER - VOISINAGE,Plombier,PARIS,105 RUE RAYMOND LOSSERAND 75014 PARIS,,
ELECTRICIENS SANS FRONTIERES L'ENERGIE DU DEVELOPPEMENT,Électricien,PARIS,11 RUE DE L' AMIRAL HAMELIN 75016 PARIS,,
MEILLEUR COIFFEUR (MEILLEUR COIFFEUR),Coiffeur,PARIS,118 RUE DE BELLEVILLE 75020 PARIS,,
L'ARTISTE PEINTRE,Peintre,PARIS,54 BOULEVARD EDGAR QUINET 75014 PARIS,0143223171,
MACON&LESQUOY (MACON&LESQUOY),Maçon,GRANVILLE,162 RUE DE LA LIBERATION 50400 GRANVILLE,,
SERRURIER,Serrurier,PARIS,24 RUE DE CLICHY 75009 PARIS,0183646975,
LES MENUISIERS ROSEMAR,Menuisier,PARIS,54 RUE DE MONTREUIL 75011 PARIS,0143676911,rosemar@orange.fr
CYCL'EAU PLOMBIER (CYCLE DEPANNAGE),Plombier,PARIS,42 RUE CAMBRONNE 75015 PARIS,0972404775,
ELECTRICIENS DE PARIS (EDP),Électricien,PARIS,CHEZ SERVICES PLUS 26 RUE DES RIGOLES 75020 PARIS,0149515588,
M T COIFFEUR,Coiffeur,PARIS 10,17 PAS PRADO 75010 PARIS 10,,
LES PEINTRES FRANCILIENS (VENTILON) (LPF),Peintre,PARIS,38 B AVENUE RENE COTY 75014 PARIS,,
JACQUES MACON,Maçon,FERRIERES-EN-GATINAIS,42 ROUTE DES MARNIERES 45210 FERRIERES-EN-GATINAIS,,
SERRURIER,Serrurier,PARIS,221 RUE LA FAYETTE 75010 PARIS,,
MENUISIER PARISIEN,Menuisier,PARIS,109 RUE LAMARCK 75018 PARIS,,
GREEN PLOMBIER,Plombier,PARIS,61 RUE DE LYON 75012 PARIS,,
LES ELECTRICIENS DE PONTOISE,Électricien,PARIS,28 RUE DE CHABROL 75010 PARIS,,
CF COIFFEURS,Coiffeur,PARIS,5 RUE DU GENERAL LANREZAC 75017 PARIS,0143802412,
MICHEL LE PEINTRE,Peintre,PARIS,9 RUE JEANNE HACHETTE 75015 PARIS,,
BTP MACON,Maçon,NOISY-LE-SEC,184 RUE DE PARIS 93130 NOISY-LE-SEC,,
LUDIVINE SERRURIER,Serrurier,THIAIS,15 RUE MARCEL BIERRY 94320 THIAIS,0101248661,
UN ARTISAN MENUISIER,Menuisier,PARIS,11 RUE DE MAGDEBOURG 75016 PARIS,,
FORMA-PLOMBIER,Plombier,PARIS,60 RUE FRANCOIS IER 75008 PARIS,,
LA MAISON DES ELECTRICIENS (LMDE),Électricien,PARIS,60 RUE FRANCOIS IER 75008 PARIS,,
SUPER COIFFEUR,Coiffeur,PARIS,18 RUE AU MAIRE 75003 PARIS,0144549003,
MARC-ETIENNE PEINTRE,Peintre,PARIS,181 RUE LA FAYETTE 75010 PARIS,,
MACON-M,Maçon,PARIS,26 RUE DE MONTEVIDEO 75016 PARIS,,
COMPTOIR DES SERRURIERS,Serrurier,PARIS,30 RUE VIGNON 75009 PARIS,0142656568,
AU P'TIT MENUISIER,Menuisier,NOISY-LE-GRAND,9 RUE MARCELLIN BERTHELOT 93160 NOISY-LE-GRAND,0342054000,
PLOMBIER MURAT (ABD RENOVATION),Plombier,PARIS,130 BOULEVARD MURAT 75016 PARIS,,
LES ELECTRICIENS DU PERCHE,Électricien,PARIS,BUREAU 562 59 RUE DE PONTHIEU 75008 PARIS,,
1982 COIFFEUR,Coiffeur,PARIS,13 RUE DU PONCEAU 75002 PARIS,,
SCI LA CITE DES PEINTRES,Peintre,LYON,56 RUE MAURICE FLANDIN 69003 LYON,0206498000,
ARTISAN ELECTRICIEN FOLLIOT,Électricien,PARIS,13 AVENUE JEAN MOULIN 75014 PARIS,,
LE TRAIT D UNION ELECTRICIENS,Électricien,PARIS,10 RUE DU DEBARCADERE 75017 PARIS,0145487066,tristan-borie@hotmail.com
MON ELECTRICIEN A VELO (MEAV),Électricien,PARIS,126 AVENUE PARMENTIER 75011 PARIS,0767127052,
ELECTRICIEN A VOTRE SERVICE,Électricien,PARIS,BOITE 17 29 RUE ALPHONSE BERTILLON 75015 PARIS,,
SEE ELECTRICIEN ELECTRONICIEN (SEE),Électricien,PARIS,NU 11 A 17 11 RUE DE L' AMIRAL HAMELIN 75016 PARIS,,
FEDERATION FRANCAISE DES INTEGRATEURS ELECTRICIENS (F.F.I.E.),Électricien,PARIS,5 RUE DE L' AMIRAL HAMELIN 75016 PARIS,,
A VOTRE SERVICE PLOMBIER CHAUFFAGISTE SERRURIER VITRIER ELECTRICIEN,Électricien,PARIS,76 RUE NOLLET 75017 PARIS,0145321375,
CLUBS OMNISPORTS DES ELECTRICIENS ET GAZIERS DE FRANCE (C.O.E.G.F),Électricien,PARIS,192 RUE SAINT-MAUR 75010 PARIS,,
CLUBS OMNISPORTS DES ELECTRICIENS ET GAZIERS DE FRANCE (C.O.E.G.F),Électricien,PARIS,M.MONNET 22 RUE DE CROULEBARBE 75013 PARIS,,
CLUB OMNISPORTS DES ELECTRICIENS ET GAZIERS DE FRANCE (C.O.-E.G.F.),Électricien,PARIS,49 RUE DE LA COLONIE 75013 PARIS,0770706960,coegf2@gmail.com
CLUBS OMNISPORTS DES ELECTRICIENS ET GAZIERS DE FRANCE (CO-EGF),Électricien,PARIS,28 RUE MEDERIC 75017 PARIS,,
CLUBS OMNISPORTS DES ELECTRICIENS ET GAZIERS DE FRANCE (C.O.E.G.F),Électricien,PARIS,18 RUE PIERRE LAROUSSE 75014 PARIS,,
CLUBS OMNISPORTS DES ELECTRICIENS ET GAZIERS DE FRANCE (C.O.E.G.F),Électricien,PARIS,M.LILTI 34 RUE POULET 75018 PARIS,,
UNION FEDERALE DES CLUBS OMNISPORTS DES ELECTRICIENS ET GAZIERS DE FRANCE,Électricien,VIGNEUX-SUR-SEINE,15 RUE MAXIME PETIT 91270 VIGNEUX-SUR-SEINE,,
L'ARTISAN SERRURIER VITRIER PLOMBIER ELECTRICIEN PARIS 24/24 (S7/24),Électricien,PARIS,49 AU 51 49 RUE DE PONTHIEU 75008 PARIS,0644699513,
SOCIETE NOUVELLE DES ETABLISSEMENTS JULES VERGER ET DELPORTE-LES ELECTRICIENS DE FRANCE V.D (VD),Électricien,COURBEVOIE,45-51 - FAUBOURG DE L ARCHE 45 RUE LOUIS BLANC 92400 COURBEVOIE,,
CHATILLON JAY ELECTRICIEN,Électricien,CHATILLON,10 RUE GABRIEL PERI 92320 CHATILLON,,
SEVRES JEAN ELECTRICIEN,Électricien,SEVRES,116 GRANDE RUE 92310 SEVRES,,
CLAMART ZAC ELECTRICIEN,Électricien,CLAMART,11 RUE D'ESTIENNE D'ORVES 92140 CLAMART,,
COLOMBES ROY ELECTRICIEN,Électricien,COLOMBES,44 RUE DES COTES D'AUTY 92700 COLOMBES,,
CLICHY YAN ELECTRICIEN,Électricien,CLICHY,15 RUE MORICE 92110 CLICHY,,
PUTEAUX HUGO ELECTRICIEN,Électricien,PUTEAUX,92 RUE DE LA REPUBLIQUE 92800 PUTEAUX,,
SCEAUX PAUL ELECTRICIEN,Électricien,SCEAUX,27 RUE HOUDAN 92330 SCEAUX,0141939530,
SURESNES YVES ELECTRICIEN,Électricien,SURESNES,14 RUE CHEVREUL 92150 SURESNES,,
BAGNEUX LOIC ELECTRICIEN,Électricien,BAGNEUX,6 RUE DE FONTENAY 92220 BAGNEUX,0623708834,
LES ELECTRICIENS PARISIENS,Électricien,ASNIERES-SUR-SEINE,TOUR D'ASNIERES 4 AVENUE LAURENT CELY 92600 ASNIERES-SUR-SEINE,,
LES ARTISANS ELECTRICIENS,Électricien,SURESNES,LE SURENA -  FACE AU 5 QUAI MARCEL DASSAULT 92150 SURESNES,,
RUEIL-MALMAISON LOUIS ELECTRICIEN,Électricien,RUEIL-MALMAISON,47 RUE HABY SOMMER 92500 RUEIL-MALMAISON,,
SAINT-CLOUD MARC ELECTRICIEN,Électricien,SAINT-CLOUD,71 RUE TAHERE 92210 SAINT-CLOUD,,
BOURG-LA-REINE NOE ELECTRICIEN,Électricien,BOURG-LA-REINE,8 RUE OGER 92340 BOURG-LA-REINE,,
NEUILLY-SUR-SEINE JULES ELECTRICIEN,Électricien,NEUILLY-SUR-SEINE,112 RUE PERRONET 92200 NEUILLY-SUR-SEINE,,
ASNIERES-SUR-SEINE GWEN ELECTRICIEN,Électricien,ASNIERES-SUR-SEINE,45 RUE DE NANTERRE 92600 ASNIERES-SUR-SEINE,,
LES ELECTRICIENS REUNIS DU BATIMENT (LES ELECTRICIENS REUNIS DU BATIMENT) (LERBA),Électricien,MONTROUGE,41 RUE PERIER 92120 MONTROUGE,,
ELECTRICIEN AUTOMOBILE FRANCAIS (E A F),Électricien,GARCHES,82 GRANDE RUE 92380 GARCHES,,
COMITE DES ELECTRICIENS ET GAZIERS PARIS GRANDE COURONNE,Électricien,NANTERRE,CAS DES SVC CENTRAUX SLV50-EB 396 32 AVENUE PABLO PICASSO 92000 NANTERRE,0142392083,
FRANCE ELECTRICIENS (TPLP.MULTISERVICES),Électricien,BONDY,1ER FACE GAUCHE 11 AVENUE JEAN LEBAS 93140 BONDY,,
L'ELECTRICIEN BY T,Électricien,BAILLY-ROMAINVILLIERS,25 BOULEVARD DES ARTISANS 77700 BAILLY-ROMAINVILLIERS,,
LES ELECTRICIENS ROSNEENS (LER),Électricien,CROISSY-BEAUBOURG,LES ESPACES MULTISERVICES 56 BOULEVARD DE COURCERIN 77183 CROISSY-BEAUBOURG,,
VOTRE INSTALL ELECTRICIEN ANNEES 2000 (VIEVA),Électricien,PIERREFITTE-SUR-SEINE,56 AVENUE GABRIEL PERI 93380 PIERREFITTE-SUR-SEINE,,
"ENTREPRISE A2B (DEPANNAGE VOLETS-ROULANT, DEPANNAGE RIDEAUX-METALLIQUE, A2B PLOMBIER, A2B SERRURIER, A2B DEPANNAGE)",Électricien,PIERREFITTE-SUR-SEINE,32 AVENUE LAENNEC 93380 PIERREFITTE-SUR-SEINE,0158929381,
ABDELILAH BOUAZZA (PRO ELECTRICIEN BOUAZZA),Électricien,SAINT-DENIS,ETG 3 APP 118 2 ESPLANADE DE LA ROSACE 93200 SAINT-DENIS,,
ALLIANCE ELECTRICIENS 2 (AE2),Électricien,YERRES,22 RUE DU PARC 91330 YERRES,,
"ADOPTEZ 1 ELECTRICIEN (ADOPTEZ 1 ARTISAN, ADOPTEZ 1 PLOMBIER)",Électricien,IVRY-SUR-SEINE,100 AVENUE DANIELLE CASANOVA 94200 IVRY-SUR-SEINE,,
CLUB OMNISPORTS DES ELECTRICIENS ET GAZIERS DE FRANCE (C0 EGF),Électricien,ALFORTVILLE,29 QUAI DE LA REVOLUTION 94140 ALFORTVILLE,,
LES ELECTRICIENS DU VAISSEAU,Électricien,FONTENAY-SOUS-BOIS,40 RUE DES MARAIS 94120 FONTENAY-SOUS-BOIS,,
FYON MAGASSA (ELECTRICIEN),Électricien,CHOISY-LE-ROI,11 VILLA FLAUBERT 94600 CHOISY-LE-ROI,,
MOHAMED ABBASSI (AUTO ELECTRICIEN),Électricien,IVRY-SUR-SEINE,70 AVENUE GEORGES GOSNAT 94200 IVRY-SUR-SEINE,,
MENDY FORBIN (L'ELECTRICIEN DU COIN),Électricien,LIMEIL BREVANNES,18 RUE SAINT JOHN PERSE 94450 LIMEIL BREVANNES,,
LA CABANES ET LES COIFFEURS (LA CABANE ET LES COIFFEURS),Coiffeur,PARIS,8 RUE JEAN-BAPTISTE DUMAY 75020 PARIS,,
BELGRAND COIFFEUR,Coiffeur,PARIS,74 RUE BELGRAND 75020 PARIS,,
LES COIFFEURS DU FAUBOURG,Coiffeur,PARIS,1 PASSAGE BRULON 75012 PARIS,0143076641,
AXEL COIFFEUR (BL COIFFURES),Coiffeur,PARIS,108-108 BIS 108 AVENUE D'ITALIE 75013 PARIS,,
COIFFEUR 1919,Coiffeur,PARIS,35 BOULEVARD DE LA VILLETTE 75010 PARIS,,
SAI COIFFEUR (SAI COIFFEUR),Coiffeur,PARIS,44 RUE DE MAUBEUGE 75009 PARIS,,
A.S COIFFEUR'S,Coiffeur,PARIS,29 RUE DANIELLE CASANOVA 75001 PARIS,0669109728,
COIFFEUR DU MONDE,Coiffeur,PARIS,128 RUE CARDINET 75017 PARIS,,
PAPY COIFFEUR,Coiffeur,PARIS,16 RUE DE L'ORME 75019 PARIS,,
COIFFEUR PARISIEN,Coiffeur,PARIS,102 AVENUE DE SAINT-OUEN 75018 PARIS,,
BEBAWI COIFFEUR,Coiffeur,PARIS,215 RUE SAINT-MAUR 75010 PARIS,0336430001,
COIFFEUR ONLINE,Coiffeur,PARIS,[NON-DIFFUSIBLE],,
COIFFEUR D'EUROPE (COIFFEUR D'EUROPE),Coiffeur,PARIS,342 RUE SAINT-JACQUES 75005 PARIS,,
SMART COIFFEUR,Coiffeur,PARIS,5 PASSAGE DU PRADO 75010 PARIS,,
CARL'S COIFFEUR,Coiffeur,PARIS,68 RUE JEAN DE LA FONTAINE 75016 PARIS,,
YUJI COIFFEUR,Coiffeur,PARIS,8 RUE DE LOUVOIS 75002 PARIS,,
LE COIFFEUR CREATEUR (C C),Coiffeur,PARIS,38 RUE D'ENGHIEN 75010 PARIS,,
LES COIFFEURS D'OISEAUX (ASSO),Coiffeur,PARIS,87 RUE TRUFFAUT 75017 PARIS,,
PRINCE COIFFEUR,Coiffeur,PARIS,136 AVENUE DE SAINT-OUEN 75018 PARIS,,
FAISAL COIFFEUR,Coiffeur,PARIS,7 PASSAGE DU PRADO 75010 PARIS,,
AU COIFFEUR,Coiffeur,ASNIERES-SUR-SEINE,28 RUE PIERRE BROSSOLETTE 92600 ASNIERES-SUR-SEINE,,
COIFFEUR BEKER,Coiffeur,NANTERRE,50 RUE DE SURESNES 92000 NANTERRE,,
BENAIAH COIFFEUR,Coiffeur,LA GARENNE-COLOMBES,2 AVENUE DU GENERAL DE GAULLE 92250 LA GARENNE-COLOMBES,0973180707,
3 COIFFEURS,Coiffeur,NANTERRE,3 RUE HENRI BARBUSSE 92000 NANTERRE,,
COIFFEUR 92,Coiffeur,COURBEVOIE,112 AVENUE MARCEAU 92400 COURBEVOIE,,
LE COIFFEUR DES SEVINES (LE COIFFEUR DES SEVINES),Coiffeur,GENNEVILLIERS,21 AVENUE DES SEVINES 92230 GENNEVILLIERS,0954959531,
L'ARTISAN COIFFEUR,Coiffeur,BOURG-LA-REINE,90 AVENUE DU GENERAL LECLERC 92340 BOURG-LA-REINE,,
COIFFEUR DE BERNY,Coiffeur,ANTONY,69 AVENUE ARISTIDE BRIAND 92160 ANTONY,,
ANDRE ET PAULETTE COIFFEUR,Coiffeur,MEUDON,5 GALERIE DU PATIO 92360 MEUDON,,
SARL JN COIFFEUR,Coiffeur,COURBEVOIE,77 RUE DE COLOMBES 92400 COURBEVOIE,,
COIFFEUR 3EN1 SURESNES,Coiffeur,SURESNES,2 ESPLANADE JACQUES CHIRAC 92150 SURESNES,,
STEF BIJARCH ET MIDANI COIFFEUR,Coiffeur,CLICHY,53 BOULEVARD VICTOR HUGO 92110 CLICHY,,
