nom,metier,ville,code_postal,adresse,siren,siret,telephone,email,note_google,site_web
ALLO PLOMBIER,Plombier,PARIS,75009,15 RUE GODOT DE MAUROY 75009 PARIS,497914739,49791473900014,,,,NON
PLOMBIER REGIS (PLOMBIER REGIS),Plombier,PANTIN,93500,27 RUE DES SEPT ARPENTS 93500 PANTIN,885086967,88508696700019,,,,NON
LES BONS PLOMBIERS (LES BONS PLOMBIERS),Plombier,PARIS,75019,9 AVENUE JEAN JAURES 75019 PARIS,892923277,89292327700016,,,,NON
ASR PLOMBIER (ASR PLOMBIER PARIS),Plombier,PARIS,75005,18 RUE SAINT-SEVERIN 75005 PARIS,945045573,94504557300017,,,,NON
CHER PLOMBIER PAS,Plombier,PARIS,75017,4 RUE DU SERGENT HOFF 75017 PARIS,943226472,94322647200018,,,,NON
TARIF PLOMBIER,Plombier,PARIS,75014,100 RUE D'ALESIA 75014 PARIS,944737980,94473798000010,,,,NON
PARIS PLOMBIER,Plombier,PARIS,75016,7 RUE MASSENET 75016 PARIS,943051201,94305120100011,,,,NON
PLOMBIER SOS,Plombier,PARIS,75018,23 RUE CAULAINCOURT 75018 PARIS,934879610,93487961000012,,,,NON
C LE PLOMBIER,Plombier,PARIS,75011,22-24 22 RUE DE LA FONTAINE AU ROI 75011 PARIS,451779185,45177918500029,,,,NON
MOI PLOMBIER AUTOUR DE,Plombier,PARIS,75015,5 RUE BAUSSET 75015 PARIS,943051193,94305119300010,,,,NON
PROXIMITE PLOMBIER A,Plombier,PARIS,75012,21 RUE SIBUET 75012 PARIS,942919358,94291935800013,,,,NON
BASICO PLOMBIER CHAUFFAGISTE (BPC),Plombier,PARIS,75004,40 RUE DES BLANCS MANTEAUX 75004 PARIS,987783891,98778389100011,,,,NON
LES DEPANNEURS PLOMBIERS,Plombier,PARIS,75018,26 RUE DAMREMONT 75018 PARIS,788891133,78889113300027,,,,NON
L'AMI PLOMBIER,Plombier,PARIS,75014,97 RUE DE LA TOMBE ISSOIRE 75014 PARIS,831214408,83121440800013,,,,NON
LES FRERES PLOMBIERS (LES FRERES PLOMBIERS) (LFP),Plombier,PARIS,75013,CHEZ SOFRADOM 19 AVENUE D'ITALIE 75013 PARIS,833618093,83361809300011,,,,NON
PLOMBIER - VOISINAGE,Plombier,PARIS,75014,105 RUE RAYMOND LOSSERAND 75014 PARIS,891638959,89163895900017,,,,NON
CYCL'EAU PLOMBIER (CYCLE DEPANNAGE),Plombier,PARIS,75015,42 RUE CAMBRONNE 75015 PARIS,942744343,94274434300016,,,,NON
PLOMBIER AUTOUR DE MOI,Plombier,PARIS,75016,27 AVENUE DE VERSAILLES 75016 PARIS,834298168,83429816800016,,,,NON
GREEN PLOMBIER,Plombier,PARIS,75012,61 RUE DE LYON 75012 PARIS,952421030,95242103000018,,,,NON
LES PLOMBIERS PARISIENS,Plombier,PARIS,75014,149 AVENUE DU MAINE 75014 PARIS,991348764,99134876400010,,,,NON
FORMA-PLOMBIER,Plombier,PARIS,75008,60 RUE FRANCOIS IER 75008 PARIS,100473255,10047325500014,,,,NON
PLOMBIER EXPERT,Plombier,PARIS,75015,45 RUE CAMBRONNE 75015 PARIS,504498262,50449826200014,,,,NON
L'ATELIER DU PLOMBIER,Plombier,LA ROCHELLE,17000,38 QUAI LOUIS DURAND 17000 LA ROCHELLE,803796903,80379690300034,,,,NON
PLOMBIER MURAT (ABD RENOVATION),Plombier,PARIS,75016,130 BOULEVARD MURAT 75016 PARIS,809112444,80911244400025,,,,NON
LE PLOMBIER GENTLEMAN (PG),Plombier,PARIS,75017,106 RUE LEGENDRE 75017 PARIS,814345666,81434566600071,,,,NON
PLOMBIER URGENCE,Plombier,ASNIERES-SUR-SEINE,92600,14 RUE HENRI SAY 92600 ASNIERES-SUR-SEINE,938635679,93863567900013,,,,NON
PLOMBIX (PLOMBIX),Plombier,BOULOGNE BILLANCOURT,92100,20 RUE ESNAULT PELTERIE 92100 BOULOGNE BILLANCOURT,413914359,41391435900042,,,,NON
CHATILLON DUPUY PLOMBIER,Plombier,CHATILLON,92320,49 RUE AMPERE 92320 CHATILLON,941543191,94154319100014,,,,NON
CLAMART DONALD PLOMBIER,Plombier,CLAMART,92140,90 RUE DU MOULIN DE PIERRE 92140 CLAMART,939267233,93926723300012,,,,NON
CLAMART URGENCE PLOMBIER,Plombier,CLAMART,92140,86 RUE DU MOULIN DE PIERRE 92140 CLAMART,939568804,93956880400016,,,,NON
COLOMBES URGENCE PLOMBIER,Plombier,COLOMBES,92700,3 RUE RACINE 92700 COLOMBES,990594046,99059404600015,,,,NON
GENNEVILIIER ROLLAND PLOMBIER,Plombier,GENNEVILLIERS,92230,25 RUE DES CHEVRINS 92230 GENNEVILLIERS,941519290,94151929000014,,,,NON
MEUDON LECOMTE PLOMBIER,Plombier,MEUDON,92190,14 RUE MANSART 92190 MEUDON,941520637,94152063700013,,,,NON
PUTEAUX AZIMO PLOMBIER,Plombier,PUTEAUX,92800,53 RUE VICTOR HUGO 92800 PUTEAUX,941527285,94152728500014,,,,NON
LES PLOMBIERS ASSOCIES (LES PLOMBIERS ASSOCIES) (LPA),Plombier,COLOMBES,92700,29 RUE MOSLARD 92700 COLOMBES,831360128,83136012800027,,,,NON
PLOMBIER AD,Plombier,NANTERRE,92000,22 RUE DE CHANZY 92000 NANTERRE,992111278,99211127800014,,,,NON
SMART PLOMBIER,Plombier,ASNIERES-SUR-SEINE,92600,1 RUE DE CHAMPAGNE 92600 ASNIERES-SUR-SEINE,993566520,99356652000017,,,,NON
MISTER PLOMBIER,Plombier,GARCHES,92380,107 RUE DE BUZENVAL 92380 GARCHES,999854383,99985438300018,,,,NON
BEN LE PLOMBIER (BEN LE PLOMBIER),Plombier,ASNIERES-SUR-SEINE,92600,15 RUE GASTON BONNIER 92600 ASNIERES-SUR-SEINE,800556235,80055623500011,,,,NON
PINTO LE PLOMBIER,Plombier,BOURG-LA-REINE,92340,5 AVENUE DU GENERAL LECLERC 92340 BOURG-LA-REINE,509314969,50931496900015,,,,NON
F.C. PLOMBIERS,Plombier,BOURG-LA-REINE,92340,5 AVENUE DU GENERAL LECLERC 92340 BOURG-LA-REINE,951469659,95146965900019,,,,NON
TOM LE PLOMBIER,Plombier,BOULOGNE-BILLANCOURT,92100,ES A 3 59 RUE BARTHELEMY DANJOU 92100 BOULOGNE-BILLANCOURT,993190388,99319038800013,,,,NON
LEVALLOIS-PERRET URGENCE PLOMBIER,Plombier,LEVALLOIS-PERRET,92300,28 RUE CHAPTAL 92300 LEVALLOIS-PERRET,939568721,93956872100012,,,,NON
EXPERT PLOMBIER 92,Plombier,LEVALLOIS-PERRET,92300,17 RUE DE LORRAINE 92300 LEVALLOIS-PERRET,817925787,81792578700019,,,,NON
PLOMBIER CHAUFFAGISTE BAGNEUX,Plombier,BAGNEUX,92220,52 RUE JEAN LONGUET 92220 BAGNEUX,932086838,93208683800012,,,,NON
SARL FRANCILIENNE COUVERTURE-PLOMBIER,Plombier,BOULOGNE-BILLANCOURT,92100,47 RUE MARCEL DASSAULT 92100 BOULOGNE-BILLANCOURT,423907369,42390736900015,,,,NON
ARTISAN CHAUFFAGISTE PLOMBIER - A.C.P,Plombier,LA VILLE-DIEU-DU-TEMPLE,82290,280 CHEMIN DE MALARDEAU 82290 LA VILLE-DIEU-DU-TEMPLE,811173889,81117388900031,,,,NON
STEPHANE HENRIO PLOMBIER CHAUFFAGISTE (SHPC),Plombier,LA GARENNE-COLOMBES,92250,23 RUE JEANNE D'ARC 92250 LA GARENNE-COLOMBES,818566903,81856690300014,,,,NON
L'ART DES COMPAGNONS PLOMBIERS A.C.P.,Plombier,VILLEMOMBLE,93250,28 RUE DU BEL-AIR 93250 VILLEMOMBLE,534011572,53401157200037,,,,NON
L'ARTISAN SERRURIER VITRIER PLOMBIER ELECTRICIEN 24/24,Plombier,BOULOGNE-BILLANCOURT,92100,8 RUE DE L'EST 92100 BOULOGNE-BILLANCOURT,517636171,51763617100012,,,,NON
LES PLOMBIERS,Plombier,BAGNOLET,93170,232-242 232 RUE DE NOISY LE SEC 93170 BAGNOLET,517852927,51785292700022,,,,NON
OH PLOMBIER,Plombier,MONTREUIL,93100,28 RUE DE LAGNY 93100 MONTREUIL,811407683,81140768300010,,,,NON
PLOMBI 95,Plombier,PANTIN,93500,22 RUE FRANKLIN 93500 PANTIN,805106655,80510665500022,,,,NON
PLOMBI 93,Plombier,EPINAY-SUR-SEINE,93800,19--19-21 19 RUE DES SAULES 93800 EPINAY-SUR-SEINE,835154816,83515481600010,,,,NON
PLOMBIER PRIVE (DEPANNEUR PRIVE),Plombier,AULNAY-SOUS-BOIS,93600,4 AVENUE LELIEVRE 93600 AULNAY-SOUS-BOIS,848738050,84873805000022,,,,NON
JM LE PLOMBIER (JM LE PLOMBIER),Plombier,ROMAINVILLE,93230,BAT B 21 RUE NORMANDIE NIEMEN 93230 ROMAINVILLE,931767685,93176768500015,,,,NON
O PLOMBIER,Plombier,NEUILLY-PLAISANCE,93360,47 RUE PASTEUR 93360 NEUILLY-PLAISANCE,992202143,99220214300010,,,,NON
PLOMBI AK,Plombier,MONTREUIL,93100,278 RUE DE ROSNY 93100 MONTREUIL,802198655,80219865500028,,,,NON
PLOMBIER EXCEPTIONNEL,Plombier,DRANCY,93700,54 AVENUE HENRI BARBUSSE 93700 DRANCY,818277816,81827781600018,,,,NON
UNION DES PLOMBIERS (UDP),Plombier,TREMBLAY-EN-FRANCE,93290,9 RUE DE L'ARGONNE 93290 TREMBLAY-EN-FRANCE,881341127,88134112700010,,,,NON
ALLO PLOMBIER,Plombier,LA COURNEUVE,93120,5 RUE EMILE ZOLA 93120 LA COURNEUVE,915201115,91520111500010,,,,NON
EXTRA PLOMBIER,Plombier,LES PAVILLONS-SOUS-BOIS,93320,2 ALLEE SEVERINE 93320 LES PAVILLONS-SOUS-BOIS,984194019,98419401900019,,,,NON
PLOMBIER SYSTEME,Plombier,BOBIGNY,93000,7 PLACE DU 11 NOVEMBRE 1918 93000 BOBIGNY,987457835,98745783500013,,,,NON
LE PLOMBIER DE FLANDRE,Plombier,NOISY-LE-GRAND,93160,10 RUE DES HAUTS ROSEAUX 93160 NOISY-LE-GRAND,998942296,99894229600018,,,,NON
AUX COMPAGNONS PLOMBIERS CHAUFFAGISTES,Plombier,LES PAVILLONS-SOUS-BOIS,93320,185 AVENUE JEAN JAURES 93320 LES PAVILLONS-SOUS-BOIS,520273772,52027377200027,,,,NON
UNION DES PLOMBIERS CHAUFFAGISTES (U P C) (UPC),Plombier,TREMBLAY-EN-FRANCE,93290,26 AV MARCEL PAUL 93290 TREMBLAY-EN-FRANCE,500794417,50079441700039,,,,NON
LA MAISON DU PLOMBIER I.D.F.,Plombier,NEUILLY-SUR-MARNE,93330,17 RUE ALFRED KASTLER 93330 NEUILLY-SUR-MARNE,882743966,88274396600021,,,,NON
ARTISANS PLOMBIERS DE PARIS (APP) (A.P.P),Plombier,MONTREUIL,93100,92 RUE MARCEAU 93100 MONTREUIL,790555742,79055574200028,,,,NON
SARL O PLOMBIERS,Plombier,SAINT-DENIS,93200,7 BOULEVARD DE LA LIBERATION 93200 SAINT-DENIS,750251613,75025161300030,,,,NON
LES ELECTRICIENS PLOMBIERS BRETONS,Plombier,TREMBLAY-EN-FRANCE,93290,1 RUE DE FLANDRE 93290 TREMBLAY-EN-FRANCE,844726612,84472661200022,,,,NON
RIA PRO PLOMBIER,Plombier,SEVRAN,93270,CHEZ DIOUMASSY GOUNDO 6 ALLEE JEAN BART 93270 SEVRAN,979875408,97987540800010,,,,NON
PLOMBIER MAINS D'OR (PLOMBIER NON STOP),Plombier,LE BLANC-MESNIL,93150,15 RUE LAENNEC 93150 LE BLANC-MESNIL,983698614,98369861400010,,,,NON
PLOMBIER SERRURIER PARIS TFK,Plombier,PARIS,75013,48 RUE DE DOMREMY 75013 PARIS,804221844,80422184400033,,,,NON
URGENCE PLOMBIER,Plombier,CHAMPIGNY-SUR-MARNE,94500,5 RUE DES RABIERES 94500 CHAMPIGNY-SUR-MARNE,993133743,99313374300019,,,,NON
PLOMBIER PRIX,Plombier,IVRY-SUR-SEINE,94200,31 PLACE VOLTAIRE 94200 IVRY-SUR-SEINE,934677618,93467761800019,,,,NON
LE PLOMBIER DES ECURIES,Plombier,CRETEIL,94000,8 RUE D'ESTIENNE D'ORVES 94000 CRETEIL,493318596,49331859600019,,,,NON
LE PLOMBIER ARRIVE,Plombier,PARAY-VIEILLE-POSTE,91550,7 RUE DE L'EGLISE 91550 PARAY-VIEILLE-POSTE,824145841,82414584100022,,,,NON
LE CAMION DU PLOMBIER,Plombier,ALFORTVILLE,94140,7 ALLEE MOZART 94140 ALFORTVILLE,915124051,91512405100011,,,,NON
D.S PLOMBIER (D.S PLOMBIER),Plombier,VILLENEUVE-LE-ROI,94290,44 RUE JEAN SACCARD 94290 VILLENEUVE-LE-ROI,911522845,91152284500013,,,,NON
PLOMBIER COMPANY,Plombier,CHAMPIGNY-SUR-MARNE,94500,14 RUE GUY MOQUET 94500 CHAMPIGNY-SUR-MARNE,938729415,93872941500019,,,,NON
MAISONS-ALFORT ARNAUD PLOMBIER,Plombier,MAISONS-ALFORT,94700,22 AVENUE GAMBETTA 94700 MAISONS-ALFORT,943226332,94322633200014,,,,NON
A.P.C AU PLOMBIER COUVREUR,Plombier,ARCUEIL,94110,33-35 33 RUE DE LA DIV DU GENERAL LECLERC 94110 ARCUEIL,347858136,34785813600042,,,,NON
AZ SERVICES PLOMBIER,Plombier,CHARENTON-LE-PONT,94220,41 RUE GABRIELLE 94220 CHARENTON-LE-PONT,918991191,91899119100019,,,,NON
ARTISAN PLOMBIER RODRIGUEZ (APR ECO ENERGY),Plombier,VARENNES-JARCY,91480,43 RUE DU BEL AIR 91480 VARENNES-JARCY,843422049,84342204900034,,,,NON
LES COMPAGNONS PLOMBIER-CHAUFFAGISTE (L.C.P.C.),Plombier,LIMEIL-BREVANNES,94450,5 AVENUE DES TILLEULS 94450 LIMEIL-BREVANNES,819110552,81911055200026,,,,NON
ELBILIA MICHEL PLOMBIER (PLOMBIER PARIS. LE FURET DEBOUCHAGE. LE PETIT RAMONEUR),Plombier,SAINT-MAUR-DES-FOSSES,94100,4 AVENUE JEAN JAURES 94100 SAINT-MAUR-DES-FOSSES,938644663,93864466300016,,,,NON
UN PLOMBIER A VELO,Plombier,NOGENT-SUR-MARNE,94130,2 RUE JULES FERRY 94130 NOGENT-SUR-MARNE,993827062,99382706200015,,,,NON
ABH (CVC/PLOMBIER),Plombier,LE KREMLIN-BICETRE,94270,9 RUE DE LA LIBERTE 94270 LE KREMLIN-BICETRE,994505428,99450542800015,,,,NON
ARTISAN LACOURT PLOMBIER SERVICE (A.L.P.S.),Plombier,MAISONS-ALFORT,94700,20 RUE BAZEILLES 94700 MAISONS-ALFORT,884458217,88445821700012,,,,NON
SARL LES ARTISANS PLOMBIERS D'ORMESSON (APO),Plombier,CHENNEVIERES-SUR-MARNE,94430,43 AVENUE DU BOIS 94430 CHENNEVIERES-SUR-MARNE,347576258,34757625800029,,,,NON
IDF PLOMBIER,Plombier,BONNEUIL-SUR-MARNE,94380,5 ROUTE DE L’OUEST 94380 BONNEUIL-SUR-MARNE,878599141,87859914100016,,,,NON
ASSIST MODERN COUVREUR PLOMBIE (AMCP),Plombier,MONTREUIL,93100,56 A 58 56 RUE BRULEFER 93100 MONTREUIL,332787068,33278706800045,,,,NON
ARNAUD PLOMBIER SERRURIER VITRIER,Plombier,PARIS,75018,108 RUE DAMREMONT 75018 PARIS,449989490,44998949000031,,,,NON
A L'ABBAYE DU SERRURIER PLOMBIER VITRIER,Plombier,PARIS,75017,76 RUE NOLLET 75017 PARIS,441695467,44169546700015,,,,NON
A L'ATELIE DES SERRURI PLOMBIE DE L'ALMA,Plombier,PARIS,75016,CHEZ PUBLI PROVENCE 21 RUE LE SUEUR 75016 PARIS,441735669,44173566900018,,,,NON
A LA COMPAG DES SERRUR PLOMBI ST-GERMAIN,Plombier,PARIS,75007,CHEZ PUBLI PROVENCE 7 QUAI VOLTAIRE 75007 PARIS,441872843,44187284300012,,,,NON
ELECTRICIENS SANS FRONTIERES L'ENERGIE DU DEVELOPPEMENT,Électricien,PARIS,75016,11 RUE DE L' AMIRAL HAMELIN 75016 PARIS,394528897,39452889700082,,,,NON
ELECTRICIENS DE PARIS (EDP),Électricien,PARIS,75020,CHEZ SERVICES PLUS 26 RUE DES RIGOLES 75020 PARIS,444560643,44456064300017,,,,NON
LES ELECTRICIENS DE PONTOISE,Électricien,PARIS,75010,28 RUE DE CHABROL 75010 PARIS,929324648,92932464800013,,,,NON
LA MAISON DES ELECTRICIENS (LMDE),Électricien,PARIS,75008,60 RUE FRANCOIS IER 75008 PARIS,933969602,93396960200012,,,,NON
LES ELECTRICIENS DU PERCHE,Électricien,PARIS,75008,BUREAU 562 59 RUE DE PONTHIEU 75008 PARIS,877850321,87785032100010,,,,NON
ADRIEN ELECTRICIEN,Électricien,PARIS,75005,67 RUE SAINT-JACQUES 75005 PARIS,912201209,91220120900026,,,,NON
ELECTRICIENS ASSOCIES DE FRANCE,Électricien,PARIS,75020,2 RUE DU CAPITAINE MARCHAL 75020 PARIS,393929807,39392980700013,,,,NON
ARTISAN ELECTRICIEN FOLLIOT,Électricien,PARIS,75014,13 AVENUE JEAN MOULIN 75014 PARIS,429157365,42915736500025,,,,NON
LE TRAIT D UNION ELECTRICIENS,Électricien,PARIS,75017,10 RUE DU DEBARCADERE 75017 PARIS,304994502,30499450200025,,,,NON
MON ELECTRICIEN A VELO (MEAV),Électricien,PARIS,75011,126 AVENUE PARMENTIER 75011 PARIS,939126942,93912694200019,,,,NON
SOS ELECTRICIEN DEPANNAGE,Électricien,PARIS,75011,9 RUE LEON FROT 75011 PARIS,994496826,99449682600011,,,,NON
ELECTRICIEN A VOTRE SERVICE,Électricien,PARIS,75015,BOITE 17 29 RUE ALPHONSE BERTILLON 75015 PARIS,807447693,80744769300027,,,,NON
SEE ELECTRICIEN ELECTRONICIEN (SEE),Électricien,PARIS,75016,NU 11 A 17 11 RUE DE L' AMIRAL HAMELIN 75016 PARIS,785393232,78539323200042,,,,NON
FEDERATION FRANCAISE DES INTEGRATEURS ELECTRICIENS (F.F.I.E.),Électricien,PARIS,75016,5 RUE DE L' AMIRAL HAMELIN 75016 PARIS,784243339,78424333900024,,,,NON
A VOTRE SERVICE PLOMBIER CHAUFFAGISTE SERRURIER VITRIER ELECTRICIEN,Électricien,PARIS,75017,76 RUE NOLLET 75017 PARIS,493548341,49354834100012,,,,NON
CLUBS OMNISPORTS DES ELECTRICIENS ET GAZIERS DE FRANCE (C.O.E.G.F),Électricien,PARIS,75010,192 RUE SAINT-MAUR 75010 PARIS,520077561,52007756100014,,,,NON
CLUBS OMNISPORTS DES ELECTRICIENS ET GAZIERS DE FRANCE (C.O.E.G.F),Électricien,PARIS,75013,M.MONNET 22 RUE DE CROULEBARBE 75013 PARIS,520079641,52007964100012,,,,NON
CLUB OMNISPORTS DES ELECTRICIENS ET GAZIERS DE FRANCE (C.O.-E.G.F.),Électricien,PARIS,75013,49 RUE DE LA COLONIE 75013 PARIS,534299730,53429973000018,,,,NON
CLUBS OMNISPORTS DES ELECTRICIENS ET GAZIERS DE FRANCE (CO-EGF),Électricien,PARIS,75017,28 RUE MEDERIC 75017 PARIS,520079153,52007915300018,,,,NON
CLUBS OMNISPORTS DES ELECTRICIENS ET GAZIERS DE FRANCE (C.O.E.G.F),Électricien,PARIS,75014,18 RUE PIERRE LAROUSSE 75014 PARIS,520080011,52008001100015,,,,NON
CLUBS OMNISPORTS DES ELECTRICIENS ET GAZIERS DE FRANCE (C.O.E.G.F),Électricien,PARIS,75018,M.LILTI 34 RUE POULET 75018 PARIS,520080284,52008028400018,,,,NON
UNION FEDERALE DES CLUBS OMNISPORTS DES ELECTRICIENS ET GAZIERS DE FRANCE,Électricien,VIGNEUX-SUR-SEINE,91270,15 RUE MAXIME PETIT 91270 VIGNEUX-SUR-SEINE,490321767,49032176700033,,,,NON
L'ARTISAN SERRURIER VITRIER PLOMBIER ELECTRICIEN PARIS 24/24 (S7/24),Électricien,PARIS,75008,49 AU 51 49 RUE DE PONTHIEU 75008 PARIS,480961515,48096151500040,,,,NON
SOCIETE NOUVELLE DES ETABLISSEMENTS JULES VERGER ET DELPORTE-LES ELECTRICIENS DE FRANCE V.D (VD),Électricien,COURBEVOIE,92400,45-51 - FAUBOURG DE L ARCHE 45 RUE LOUIS BLANC 92400 COURBEVOIE,320048945,32004894500655,,,,NON
ELECTRICIEN DU 5EME,Électricien,PARIS,75005,42 RUE MONGE 75005 PARIS,818908618,81890861800015,,,,NON
L'ELECTRICIEN,Électricien,NANTERRE,92000,60 RUE DU TIR 92000 NANTERRE,904205465,90420546500019,,,,NON
CHATILLON JAY ELECTRICIEN,Électricien,CHATILLON,92320,10 RUE GABRIEL PERI 92320 CHATILLON,944482215,94448221500018,,,,NON
SEVRES JEAN ELECTRICIEN,Électricien,SEVRES,92310,116 GRANDE RUE 92310 SEVRES,945327518,94532751800011,,,,NON
CLAMART ZAC ELECTRICIEN,Électricien,CLAMART,92140,11 RUE D'ESTIENNE D'ORVES 92140 CLAMART,944482975,94448297500017,,,,NON
COLOMBES ROY ELECTRICIEN,Électricien,COLOMBES,92700,44 RUE DES COTES D'AUTY 92700 COLOMBES,944483601,94448360100018,,,,NON
COURBEVOIE GUY ELECTRICIEN,Électricien,COURBEVOIE,92400,30 RUE EMILE DESCHANEL 92400 COURBEVOIE,944484344,94448434400014,,,,NON
CLICHY YAN ELECTRICIEN,Électricien,CLICHY,92110,15 RUE MORICE 92110 CLICHY,944495134,94449513400016,,,,NON
PUTEAUX HUGO ELECTRICIEN,Électricien,PUTEAUX,92800,92 RUE DE LA REPUBLIQUE 92800 PUTEAUX,945327286,94532728600015,,,,NON
SCEAUX PAUL ELECTRICIEN,Électricien,SCEAUX,92330,27 RUE HOUDAN 92330 SCEAUX,945327443,94532744300012,,,,NON
SURESNES YVES ELECTRICIEN,Électricien,SURESNES,92150,14 RUE CHEVREUL 92150 SURESNES,945327567,94532756700018,,,,NON
BAGNEUX LOIC ELECTRICIEN,Électricien,BAGNEUX,92220,6 RUE DE FONTENAY 92220 BAGNEUX,945327633,94532763300018,,,,NON
LES ELECTRICIENS PARISIENS,Électricien,ASNIERES-SUR-SEINE,92600,TOUR D'ASNIERES 4 AVENUE LAURENT CELY 92600 ASNIERES-SUR-SEINE,842200016,84220001600033,,,,NON
LES ARTISANS ELECTRICIENS,Électricien,SURESNES,92150,LE SURENA -  FACE AU 5 QUAI MARCEL DASSAULT 92150 SURESNES,889822110,88982211000025,,,,NON
RUEIL-MALMAISON LOUIS ELECTRICIEN,Électricien,RUEIL-MALMAISON,92500,47 RUE HABY SOMMER 92500 RUEIL-MALMAISON,945327195,94532719500018,,,,NON
SAINT-CLOUD MARC ELECTRICIEN,Électricien,SAINT-CLOUD,92210,71 RUE TAHERE 92210 SAINT-CLOUD,945327328,94532732800015,,,,NON
BOURG-LA-REINE NOE ELECTRICIEN,Électricien,BOURG-LA-REINE,92340,8 RUE OGER 92340 BOURG-LA-REINE,944481803,94448180300012,,,,NON
NEUILLY-SUR-SEINE JULES ELECTRICIEN,Électricien,NEUILLY-SUR-SEINE,92200,112 RUE PERRONET 92200 NEUILLY-SUR-SEINE,945326833,94532683300015,,,,NON
ASNIERES-SUR-SEINE GWEN ELECTRICIEN,Électricien,ASNIERES-SUR-SEINE,92600,45 RUE DE NANTERRE 92600 ASNIERES-SUR-SEINE,945328359,94532835900019,,,,NON
LES ELECTRICIENS REUNIS DU BATIMENT (LES ELECTRICIENS REUNIS DU BATIMENT) (LERBA),Électricien,MONTROUGE,92120,41 RUE PERIER 92120 MONTROUGE,411405145,41140514500037,,,,NON
ELECTRICIEN AUTOMOBILE FRANCAIS (E A F),Électricien,GARCHES,92380,82 GRANDE RUE 92380 GARCHES,788797934,78879793400023,,,,NON
COMITE DES ELECTRICIENS ET GAZIERS PARIS GRANDE COURONNE,Électricien,NANTERRE,92000,CAS DES SVC CENTRAUX SLV50-EB 396 32 AVENUE PABLO PICASSO 92000 NANTERRE,924652092,92465209200017,,,,NON
FRANCE ELECTRICIENS (TPLP.MULTISERVICES),Électricien,BONDY,93140,1ER FACE GAUCHE 11 AVENUE JEAN LEBAS 93140 BONDY,503163016,50316301600010,,,,NON
L'ELECTRICIEN BY T,Électricien,BAILLY-ROMAINVILLIERS,77700,25 BOULEVARD DES ARTISANS 77700 BAILLY-ROMAINVILLIERS,890859705,89085970500026,,,,NON
LES ELECTRICIENS ROSNEENS (LER),Électricien,CROISSY-BEAUBOURG,77183,LES ESPACES MULTISERVICES 56 BOULEVARD DE COURCERIN 77183 CROISSY-BEAUBOURG,380105635,38010563500037,,,,NON
VOTRE INSTALL ELECTRICIEN ANNEES 2000 (VIEVA),Électricien,PIERREFITTE-SUR-SEINE,93380,56 AVENUE GABRIEL PERI 93380 PIERREFITTE-SUR-SEINE,422350736,42235073600019,,,,NON
"ENTREPRISE A2B (DEPANNAGE VOLETS-ROULANT, DEPANNAGE RIDEAUX-METALLIQUE, A2B PLOMBIER, A2B SERRURIER, A2B DEPANNAGE)",Électricien,PIERREFITTE-SUR-SEINE,93380,32 AVENUE LAENNEC 93380 PIERREFITTE-SUR-SEINE,523534881,52353488100017,,,,NON
ABDELILAH BOUAZZA (PRO ELECTRICIEN BOUAZZA),Électricien,SAINT-DENIS,93200,ETG 3 APP 118 2 ESPLANADE DE LA ROSACE 93200 SAINT-DENIS,943092528,94309252800018,,,,NON
ALLIANCE ELECTRICIENS 2 (AE2),Électricien,YERRES,91330,22 RUE DU PARC 91330 YERRES,504601956,50460195600023,,,,NON
"ADOPTEZ 1 ELECTRICIEN (ADOPTEZ 1 ARTISAN, ADOPTEZ 1 PLOMBIER)",Électricien,IVRY-SUR-SEINE,94200,100 AVENUE DANIELLE CASANOVA 94200 IVRY-SUR-SEINE,849936430,84993643000016,,,,NON
CLUB OMNISPORTS DES ELECTRICIENS ET GAZIERS DE FRANCE (C0 EGF),Électricien,ALFORTVILLE,94140,29 QUAI DE LA REVOLUTION 94140 ALFORTVILLE,534272810,53427281000019,,,,NON
LES ELECTRICIENS DU VAISSEAU,Électricien,FONTENAY-SOUS-BOIS,94120,40 RUE DES MARAIS 94120 FONTENAY-SOUS-BOIS,397767385,39776738500016,,,,NON
FYON MAGASSA (ELECTRICIEN),Électricien,CHOISY-LE-ROI,94600,11 VILLA FLAUBERT 94600 CHOISY-LE-ROI,923636468,92363646800012,,,,NON
MOHAMED ABBASSI (AUTO ELECTRICIEN),Électricien,IVRY-SUR-SEINE,94200,70 AVENUE GEORGES GOSNAT 94200 IVRY-SUR-SEINE,793182981,79318298100019,,,,NON
MENDY FORBIN (L'ELECTRICIEN DU COIN),Électricien,LIMEIL BREVANNES,94450,18 RUE SAINT JOHN PERSE 94450 LIMEIL BREVANNES,909742629,90974262900027,,,,NON
MEILLEUR COIFFEUR (MEILLEUR COIFFEUR),Coiffeur,PARIS,75020,118 RUE DE BELLEVILLE 75020 PARIS,881513147,88151314700010,,,,NON
M T COIFFEUR,Coiffeur,PARIS 10,75010,17 PAS PRADO 75010 PARIS 10,885148460,88514846000011,,,,NON
CF COIFFEURS,Coiffeur,PARIS,75017,5 RUE DU GENERAL LANREZAC 75017 PARIS,440242758,44024275800017,,,,NON
SUPER COIFFEUR,Coiffeur,PARIS,75003,18 RUE AU MAIRE 75003 PARIS,504593229,50459322900017,,,,NON
1982 COIFFEUR,Coiffeur,PARIS,75002,13 RUE DU PONCEAU 75002 PARIS,808066849,80806684900015,,,,NON
LA CABANES ET LES COIFFEURS (LA CABANE ET LES COIFFEURS),Coiffeur,PARIS,75020,8 RUE JEAN-BAPTISTE DUMAY 75020 PARIS,822114922,82211492200013,,,,NON
BELGRAND COIFFEUR,Coiffeur,PARIS,75020,74 RUE BELGRAND 75020 PARIS,531840593,53184059300010,,,,NON
LES COIFFEURS DU FAUBOURG,Coiffeur,PARIS,75012,1 PASSAGE BRULON 75012 PARIS,534069851,53406985100010,,,,NON
AXEL COIFFEUR (BL COIFFURES),Coiffeur,PARIS,75013,108-108 BIS 108 AVENUE D'ITALIE 75013 PARIS,840969125,84096912500011,,,,NON
COIFFEUR 1919,Coiffeur,PARIS,75010,35 BOULEVARD DE LA VILLETTE 75010 PARIS,888056215,88805621500013,,,,NON
SAI COIFFEUR (SAI COIFFEUR),Coiffeur,PARIS,75009,44 RUE DE MAUBEUGE 75009 PARIS,939723920,93972392000012,,,,NON
A.S COIFFEUR'S,Coiffeur,PARIS,75001,29 RUE DANIELLE CASANOVA 75001 PARIS,948599089,94859908900018,,,,NON
COIFFEUR DU MONDE,Coiffeur,PARIS,75017,128 RUE CARDINET 75017 PARIS,917486128,91748612800015,,,,NON
PAPY COIFFEUR,Coiffeur,PARIS,75019,16 RUE DE L'ORME 75019 PARIS,933673204,93367320400014,,,,NON
COIFFEUR PARISIEN,Coiffeur,PARIS,75018,102 AVENUE DE SAINT-OUEN 75018 PARIS,922828686,92282868600019,,,,NON
BEBAWI COIFFEUR,Coiffeur,PARIS,75010,215 RUE SAINT-MAUR 75010 PARIS,954033643,95403364300014,,,,NON
COIFFEUR ONLINE,Coiffeur,PARIS,[NON-DIFFUSIBLE],[NON-DIFFUSIBLE],517489860,51748986000026,,,,NON
COIFFEUR D'EUROPE (COIFFEUR D'EUROPE),Coiffeur,PARIS,75005,342 RUE SAINT-JACQUES 75005 PARIS,840022834,84002283400013,,,,NON
SMART COIFFEUR,Coiffeur,PARIS,75010,5 PASSAGE DU PRADO 75010 PARIS,842568982,84256898200016,,,,NON
CARL'S COIFFEUR,Coiffeur,PARIS,75016,68 RUE JEAN DE LA FONTAINE 75016 PARIS,532337730,53233773000016,,,,NON
YUJI COIFFEUR,Coiffeur,PARIS,75002,8 RUE DE LOUVOIS 75002 PARIS,523219574,52321957400010,,,,NON
LE COIFFEUR CREATEUR (C C),Coiffeur,PARIS,75010,38 RUE D'ENGHIEN 75010 PARIS,482774759,48277475900021,,,,NON
LES COIFFEURS D'OISEAUX (ASSO),Coiffeur,PARIS,75017,87 RUE TRUFFAUT 75017 PARIS,483695557,48369555700015,,,,NON
PRINCE COIFFEUR,Coiffeur,PARIS,75018,136 AVENUE DE SAINT-OUEN 75018 PARIS,413276692,41327669200014,,,,NON
FAISAL COIFFEUR,Coiffeur,PARIS,75010,7 PASSAGE DU PRADO 75010 PARIS,401423975,40142397500010,,,,NON
AU COIFFEUR,Coiffeur,ASNIERES-SUR-SEINE,92600,28 RUE PIERRE BROSSOLETTE 92600 ASNIERES-SUR-SEINE,439751546,43975154600037,,,,NON
COIFFEUR BEKER,Coiffeur,NANTERRE,92000,50 RUE DE SURESNES 92000 NANTERRE,914997416,91499741600013,,,,NON
BENAIAH COIFFEUR,Coiffeur,LA GARENNE-COLOMBES,92250,2 AVENUE DU GENERAL DE GAULLE 92250 LA GARENNE-COLOMBES,791894058,79189405800019,,,,NON
3 COIFFEURS,Coiffeur,NANTERRE,92000,3 RUE HENRI BARBUSSE 92000 NANTERRE,814066825,81406682500013,,,,NON
COIFFEUR 92,Coiffeur,COURBEVOIE,92400,112 AVENUE MARCEAU 92400 COURBEVOIE,850890518,85089051800010,,,,NON
LE COIFFEUR DES SEVINES (LE COIFFEUR DES SEVINES),Coiffeur,GENNEVILLIERS,92230,21 AVENUE DES SEVINES 92230 GENNEVILLIERS,851306662,85130666200012,,,,NON
L'ARTISAN COIFFEUR,Coiffeur,BOURG-LA-REINE,92340,90 AVENUE DU GENERAL LECLERC 92340 BOURG-LA-REINE,883565566,88356556600022,,,,NON
COIFFEUR DE BERNY,Coiffeur,ANTONY,92160,69 AVENUE ARISTIDE BRIAND 92160 ANTONY,991557265,99155726500014,,,,NON
ANDRE ET PAULETTE COIFFEUR,Coiffeur,MEUDON,92360,5 GALERIE DU PATIO 92360 MEUDON,689802791,68980279100012,,,,NON
SARL JN COIFFEUR,Coiffeur,COURBEVOIE,92400,77 RUE DE COLOMBES 92400 COURBEVOIE,828375428,82837542800012,,,,NON
COIFFEUR 3EN1 SURESNES,Coiffeur,SURESNES,92150,2 ESPLANADE JACQUES CHIRAC 92150 SURESNES,941441743,94144174300015,,,,NON
STEF BIJARCH ET MIDANI COIFFEUR,Coiffeur,CLICHY,92110,53 BOULEVARD VICTOR HUGO 92110 CLICHY,428494769,42849476900014,,,,NON
HAPPY CURL,Coiffeur,TOMBLAINE,54510,60 RUE SALVADOR ALLENDE 54510 TOMBLAINE,343738266,34373826600083,,,,NON
NIAZ BAKORKHIL (NIAZ COIFFEUR),Coiffeur,CLICHY,92110,17 RUE HENRI BARBUSSE 92110 CLICHY,954061321,95406132100020,,,,NON
ROCHA BARBER'S & CO,Coiffeur,LEVALLOIS-PERRET,92300,14 RUE TREBOIS 92300 LEVALLOIS-PERRET,813184835,81318483500011,,,,NON
SARA.B,Coiffeur,L'HAY-LES-ROSES,94240,6 RUE JULES FERRY 94240 L'HAY-LES-ROSES,533764064,53376406400010,,,,NON
SANDRINNE BOUCHE,Coiffeur,CLICHY,92110,6 AVENUE ANATOLE FRANCE 92110 CLICHY,483712444,48371244400023,,,,NON
RACHID EL ACROUCH,Coiffeur,BOULOGNE-BILLANCOURT,92100,51 A 53 51 RUE GEORGES SOREL 92100 BOULOGNE-BILLANCOURT,517757282,51775728200010,,,,NON
ALEXANDRE RICCOBONO,Coiffeur,PARIS,75020,25 RUE D'AVRON 75020 PARIS,519141550,51914155000037,,,,NON
TITO ROQUE (JHUNROQUE/COIFFEUR/VISAGISTE),Coiffeur,MEUDON,92360,3 RUE RICHARD WAGNER 92360 MEUDON,918538158,91853815800018,,,,NON
L'ATELIER B,Coiffeur,LA GARENNE-COLOMBES,92250,7 PLACE DES CHAMPS PHILIPPE 92250 LA GARENNE-COLOMBES,882742216,88274221600014,,,,NON
ALTO,Coiffeur,LEVALLOIS-PERRET,92300,14 RUE TREBOIS 92300 LEVALLOIS-PERRET,530873199,53087319900018,,,,NON
COIFFEUR PHONE,Coiffeur,BONDY,93140,33 RUE FONTAINE 93140 BONDY,443606496,44360649600018,,,,NON
COIFFEUR MODERNE,Coiffeur,DUGNY,93440,22 AVENUE LOUIS LARIVIERE 93440 DUGNY,794633545,79463354500015,,,,NON
NIPPON COIFFEUR,Coiffeur,LA COURNEUVE,93120,19 AVENUE PAUL VAILLANT COUTURIER 93120 LA COURNEUVE,525021978,52502197800016,,,,NON
KAMEL COIFFEUR,Coiffeur,SAINT DENIS,93200,1 B AV IRENE ET FREDERIC J CURIE 93200 SAINT DENIS,831458831,83145883100011,,,,NON
CARNOT COIFFEUR,Coiffeur,ROMAINVILLE,93230,72 RUE CARNOT 93230 ROMAINVILLE,837682160,83768216000010,,,,NON
LUCKY COIFFEUR,Coiffeur,AUBERVILLIERS,93300,104 RUE CHARLES TILLON 93300 AUBERVILLIERS,847896842,84789684200014,,,,NON
SARL COIFFEUR,Coiffeur,DUGNY,93440,19 AVENUE LOUIS LARIVIERE 93440 DUGNY,917941148,91794114800012,,,,NON
SAM COIFFEUR,Coiffeur,AULNAY-SOUS-BOIS,93600,31 B RUE ARTHUR CHEVALIER 93600 AULNAY-SOUS-BOIS,910661602,91066160200011,,,,NON
COIFFEUR DU CLOS (O'CLOS COIFFURE),Coiffeur,VILLEPINTE,93420,12 AVENUE ROGER SALENGRO 93420 VILLEPINTE,839720612,83972061200010,,,,NON
COIFFEUR ISTANBUL,Coiffeur,AUBERVILLIERS,93300,207 B AVENUE JEAN JAURES 93300 AUBERVILLIERS,479154254,47915425400011,,,,NON
ATLAS COIFFEUR,Coiffeur,MONTREUIL,93100,2 RUE PAUL BERT 93100 MONTREUIL,435338280,43533828000017,,,,NON
COIFFEUR GM4,Coiffeur,LYON,69001,4 RUE DE LA REPUBLIQUE 69001 LYON,793834656,79383465600027,,,,NON
SHAKEEN COIFFEUR,Coiffeur,LA COURNEUVE,93120,25 RUE EDGAR QUINET 93120 LA COURNEUVE,802375220,80237522000018,,,,NON
VIJI COIFFEUR,Coiffeur,LE BOURGET,93350,21 AVENUE JEAN JAURES 93350 LE BOURGET,807535554,80753555400016,,,,NON
COIFFEUR ZEN (COIFFEUR ZEN),Coiffeur,BOBIGNY,93000,8 AVENUE HENRI BARBUSSE 93000 BOBIGNY,830001806,83000180600025,,,,NON
COIFFEUR DE LA MARNE,Coiffeur,NEUILLY-SUR-MARNE,93330,97 RUE EMILE COSSONNEAU 93330 NEUILLY-SUR-MARNE,840712350,84071235000015,,,,NON
PANDIAN COIFFEUR,Coiffeur,SEVRAN,93270,57 AVENUE LIEGEARD 93270 SEVRAN,977746940,97774694000013,,,,NON
COIFFEUR BA18,Coiffeur,DRANCY,93700,69 AVENUE DIVISION LECLERC 93700 DRANCY,993914993,99391499300015,,,,NON
STYLE AFRO COIFFEUR,Coiffeur,SEVRAN,93270,5 AVENUE DU GENERAL DE GAULLE 93270 SEVRAN,509082285,50908228500016,,,,NON
SARL LE 66 COIFFEUR,Coiffeur,BOBIGNY,93000,23 RUE SAINT ANDRE 93000 BOBIGNY,827950627,82795062700022,,,,NON
COIFFEUR 7 CHEMINS (SARL COIFFEUR 7 CHEMINS),Coiffeur,MONTREUIL,93100,CS 5003 96 AVENUE DU PRESIDENT WILSON 93100 MONTREUIL,833746316,83374631600029,,,,NON
COIFFEUR KSS 351,Coiffeur,PANTIN,93500,21-25 21 AVENUE ANATOLE FRANCE 93500 PANTIN,904538634,90453863400018,,,,NON
SONIA COIFFEUR CREATEUR,Coiffeur,SAINT-DENIS,93200,6 RUE DE LA BOULANGERIE 93200 SAINT-DENIS,818573115,81857311500016,,,,NON
SORNO SHAMAL COIFFEUR (SORNO SHAMAL COIFFEUR),Coiffeur,AUBERVILLIERS,93300,58 RUE DU MOUTIER 93300 AUBERVILLIERS,939213633,93921363300018,,,,NON
CHEZ STALLONE LE COIFFEUR (CHEZ STALLONE LE COIFFEUR),Coiffeur,LE BLANC-MESNIL,93150,158 AVENUE CHARLES FLOQUET 93150 LE BLANC-MESNIL,983820150,98382015000016,,,,NON
LES COIFFEURS,Coiffeur,CRETEIL,94000,CRETEIL 29 ALLEE PARMENTIER 94000 CRETEIL,944247527,94424752700012,,,,NON
ARTISTE COIFFEUR,Coiffeur,CRETEIL,94000,13-15 13 RUE DU GENERAL LECLERC 94000 CRETEIL,452013238,45201323800012,,,,NON
COIFFEUR POUR ARBRES,Coiffeur,L'HAY-LES-ROSES,94240,90 RUE DE BICETRE 94240 L'HAY-LES-ROSES,840423321,84042332100016,,,,NON
COIFFEUR DE LA GARE,Coiffeur,VILLENEUVE-LE-ROI,94290,3 ROUTE D’ORLY 94290 VILLENEUVE-LE-ROI,820657427,82065742700010,,,,NON
COIFFEUR M3,Coiffeur,CHEVILLY-LARUE,94550,77 RUE DE FRESNES 94550 CHEVILLY-LARUE,494212699,49421269900016,,,,NON
LE COIFFEUR DE JOINVILLE,Coiffeur,JOINVILLE-LE-PONT,94340,49 RUE DE PARIS 94340 JOINVILLE-LE-PONT,983429028,98342902800019,,,,NON
N.D.G. COIFFEUR,Coiffeur,VITRY-SUR-SEINE,94400,4 B RUE CHARLES INFROIT 94400 VITRY-SUR-SEINE,925251753,92525175300016,,,,NON
HCB COIFFEUR BARBIER (HCB),Coiffeur,SAINT-MAUR-DES-FOSSES,94100,16 RUE DE PARIS 94100 SAINT-MAUR-DES-FOSSES,843210485,84321048500010,,,,NON
LE GASTON COIFFEUR BARBER,Coiffeur,IVRY-SUR-SEINE,94200,1 RUE PIERRE HONFROY 94200 IVRY-SUR-SEINE,939265252,93926525200014,,,,NON
COIFFEUR- BARBER DU 9.4,Coiffeur,IVRY-SUR-SEINE,94200,10 RUE JEAN TREMOULET 94200 IVRY-SUR-SEINE,939796397,93979639700015,,,,NON
B M ESPACE BEAUTE COIFFEUR (COIFFURE AFRIQUE ANTILLES),Coiffeur,VAUJOURS,93410,28 RUE ALEXANDRE BOUCHER 93410 VAUJOURS,429061864,42906186400048,,,,NON
ASS  BOULISTE DES COIFFEURS DE CHARENTON,Coiffeur,MAISONS-ALFORT,94700,108 AVENUE GEORGES CLEMENCEAU 94700 MAISONS-ALFORT,428516736,42851673600017,,,,NON
LE COIFFEUR (LE COIFFEUR),Coiffeur,LE PERREUX-SUR-MARNE,94170,80 AVENUE LEDRU-ROLLIN 94170 LE PERREUX-SUR-MARNE,504505975,50450597500020,,,,NON
LES ARTISANS COIFFEURS (LES ARTISANS COIFFEURS),Coiffeur,CHOISY-LE-ROI,94600,2 B AVENUE D'ALFORTVILLE 94600 CHOISY-LE-ROI,921027637,92102763700013,,,,NON
SCI CERP IMMO,Coiffeur,CRETEIL,94000,1 RUE DES BOUVETS 94000 CRETEIL,433310927,43331092700028,,,,NON
SCI ARCHE,Coiffeur,CRETEIL,94000,EUROPARC CRETEIL 65 RUE AUGUSTE PERRET 94000 CRETEIL,353043458,35304345800010,,,,NON
YD 26 (LA PLATEFORME DU COIFFEUR),Coiffeur,VITRY-SUR-SEINE,94400,50 RUE MARIE SORIN DEFRESNE 94400 VITRY-SUR-SEINE,537837072,53783707200058,,,,NON
BOUSWAHIN (LE BON COIFFEUR),Coiffeur,VINCENNES,94300,144 RUE DEFRANCE 94300 VINCENNES,913718342,91371834200011,,,,NON
L' ATELIER 94,Coiffeur,UZES,30700,8 RUE SAINT-ETIENNE 30700 UZES,811320522,81132052200022,,,,NON
L'ARTISTE PEINTRE,Peintre,PARIS,75014,54 BOULEVARD EDGAR QUINET 75014 PARIS,332038777,33203877700014,,,,NON
LES PEINTRES FRANCILIENS (VENTILON) (LPF),Peintre,PARIS,75014,38 B AVENUE RENE COTY 75014 PARIS,892715871,89271587100034,,,,NON
MICHEL LE PEINTRE,Peintre,PARIS,75015,9 RUE JEANNE HACHETTE 75015 PARIS,446970568,44697056800031,,,,NON
MARC-ETIENNE PEINTRE,Peintre,PARIS,75010,181 RUE LA FAYETTE 75010 PARIS,791325038,79132503800010,,,,NON
SCI LA CITE DES PEINTRES,Peintre,LYON,69003,56 RUE MAURICE FLANDIN 69003 LYON,440206498,44020649800048,,,,NON
PEINTRES SANS FRONTIERE,Peintre,NOISY-LE-SEC,93130,13 RUE MAXIMILIEN DE ROBESPIERRE 93130 NOISY-LE-SEC,331969345,33196934500031,,,,NON
SCI PEINTRE,Peintre,PARIS,75015,27 RUE PERIGNON 75015 PARIS,424679587,42467958700016,,,,NON
LE BISTROT DU PEINTRE,Peintre,PARIS,75011,116 AVENUE LEDRU-ROLLIN 75011 PARIS,351892179,35189217900018,,,,NON
LE HAMEAU DES PEINTRES (LE HAMEAU DES PEINTRES),Peintre,PARIS,75017,8 RUE BAYEN 75017 PARIS,419606801,41960680100019,,,,NON
LA BOTTEGA DU PEINTRE,Peintre,PARIS,75009,25 RUE NOTRE-DAME DE LORETTE 75009 PARIS,792008427,79200842700017,,,,NON
FONCIERE DU PEINTRE,Peintre,PARIS,75011,56 AVENUE PHILIPPE-AUGUSTE 75011 PARIS,853445724,85344572400026,,,,NON
DECO PEINTRE,Peintre,PARIS,75008,60 RUE FRANCOIS IER 75008 PARIS,930397054,93039705400014,,,,NON
LES COMPAGNONS PEINTRES AGENCEMENT DECOR,Peintre,PARIS,75016,CHEZ SARL BUBE 26 RUE GEORGE SAND 75016 PARIS,443564299,44356429900016,,,,NON
RAVALEMENT ET TRAVAUX DE PEINTRE (RTP),Peintre,PARIS,75002,50 RUE BEAUREGARD 75002 PARIS,490367141,49036714100010,,,,NON
ASSO PEINTRES OFFICIELS M,Peintre,PARIS 16,75016,12 PL TROCADERO ET 11 NOVEMBRE 75016 PARIS 16,308434042,30843404200013,,,,NON
INTERNATIONALE DES PEINTRES SCULPTEURS,Peintre,PARIS,75013,2 RUE LAHIRE 75013 PARIS,438307167,43830716700017,,,,NON
LES PEINTRES TEMOINS DE LEUR TEMPS (LES PEINTRES TEMOINS DE LEUR TEMPS) (PTT),Peintre,PARIS,75012,266 AVENUE DAUMESNIL 75012 PARIS,401102751,40110275100039,,,,NON
SOCIETE DES PEINTRE DE MONTAGNE,Peintre,PARIS,75019,CLUB ALPIN FRANCAIS 24 AVENUE DE LAUMIERE 75019 PARIS,508030061,50803006100016,,,,NON
LES PEINTRES TEMOINS DE LEUR TEMPS,Peintre,PARIS,75012,19 BOULEVARD SOULT 75012 PARIS,409015880,40901588000019,,,,NON
SCI IMPASSE DES PEINTRES,Peintre,PARIS,75002,4 IMPASSE DES PEINTRES 75002 PARIS,442224531,44222453100016,,,,NON
SCI DU PEINTRE LEBRUN,Peintre,PARIS,75015,54 RUE DE LA CONVENTION 75015 PARIS,433885217,43388521700029,,,,NON
L.P.O. LES PEINTRES OUVRIERS,Peintre,PARIS,75006,LOT NO 1674 101 RUE DE SEVRES 75006 PARIS,389712183,38971218300018,,,,NON
LES PEINTRES TEMOINS LEURS TEMPS,Peintre,PARIS,75006,19 RUE BONAPARTE 75006 PARIS,784287104,78428710400011,,,,NON
SOC DES PEINTRES GRAVEURS FRANCAIS,Peintre,PARIS,75006,10 RUE DE BUCI 75006 PARIS,389280173,38928017300029,,,,NON
ASSOCIATION PEINTRES ETUDIANTS MEDECINS (APEM),Peintre,PARIS,75004,CHEZ M BENICHOU 32 QUAI HENRI IV 75004 PARIS,432595106,43259510600019,,,,NON
SYND COPROP LE JARDIN DU PEINTRE,Peintre,FONTENAY-AUX-ROSES,92260,RES LE JARDIN DU PEINTRE 23 RUE JEAN LAVAUD 92260 FONTENAY-AUX-ROSES,038891743,03889174300015,,,,NON
ATELIER LIBRE DES ARTISTES PEINTRES (A.L.A.P.),Peintre,NANTERRE,92000,11 RUE DES ANCIENNES MAIRIES 92000 NANTERRE,508071693,50807169300016,,,,NON
SCI LE CLOS DES PEINTRES ANTONY,Peintre,ANTONY,92160,29 RUE DES CHAMPS 92160 ANTONY,443395942,44339594200024,,,,NON
SCI LA FERME DU PEINTRE LEBRUN,Peintre,LA GARENNE-COLOMBES,92250,102 AVENUE DU GENERAL DE GAULLE 92250 LA GARENNE-COLOMBES,351505912,35150591200011,,,,NON
MICHEL VIEL PEINTRE A PARIS (M.V.P PARIS),Peintre,PARIS,75017,63 RUE TRUFFAUT 75017 PARIS,501587968,50158796800022,,,,NON
ASS LES AMIS DES PEINTRES GRAVE A.NAKACH,Peintre,LA GARENNE-COLOMBES,92250,7 AVENUE DE VERDUN 1916 92250 LA GARENNE-COLOMBES,428496541,42849654100015,,,,NON
ASS PEINTRES OFFICIELS ARMEE DE TERRE,Peintre,VILLE-D'AVRAY,92410,VIEIL ETANG  119-121 119 RUE DE VERSAILLES 92410 VILLE-D'AVRAY,445289085,44528908500018,,,,NON
MON PEINTRE,Peintre,ASNIERES-SUR-SEINE,92600,191 BOULEVARD VOLTAIRE 92600 ASNIERES-SUR-SEINE,512611922,51261192200018,,,,NON
LE PEINTRE,Peintre,ASNIERES-SUR-SEINE,92600,2 AVENUE JEANNE 92600 ASNIERES-SUR-SEINE,484456835,48445683500020,,,,NON
ABECEDAIRE DU PEINTRE,Peintre,MEUDON,92360,10 AVENUE DE CELLE 92360 MEUDON,478257983,47825798300013,,,,NON
LES PEINTRES DU MANTOIS,Peintre,LE PLESSIS-ROBINSON,92350,21 AVENUE EDOUARD HERRIOT 92350 LE PLESSIS-ROBINSON,390677235,39067723500025,,,,NON
L'ATELIER DU PEINTRE,Peintre,SEVRES,92310,5 A 7 5 GRANDE RUE 92310 SEVRES,444568802,44456880200011,,,,NON
LE BISTROT DU PEINTRE,Peintre,BOULOGNE-BILLANCOURT,92100,51 ROUTE DE LA REINE 92100 BOULOGNE-BILLANCOURT,438692964,43869296400010,,,,NON
LES PEINTRES DE DEMAIN,Peintre,PARIS,75011,16 PASSAGE DE LA MAIN D'OR 75011 PARIS,342787272,34278727200083,,,,NON
SOCIETE DES PEINTRES EN BATIMENT 92 (SPB 92),Peintre,CLICHY,92110,23 RUE GEORGES BOISSEAU 92110 CLICHY,343299442,34329944200016,,,,NON
ARTISAN COUVREUR ELECTRICIEN PEINTRE (A.CEP),Peintre,NANTERRE,92000,45 RUE RAYMOND POINCARE 92000 NANTERRE,490358819,49035881900012,,,,NON
SOC NOUV DES PEINTRES D'ILE DE FRANCE (SNPIF),Peintre,CLICHY,92110,30 RUE DAGOBERT 92110 CLICHY,480107861,48010786100019,,,,NON
FISSAI,Peintre,NANTERRE,92000,258 AVENUE GEORGES CLEMENCEAU 92000 NANTERRE,852068873,85206887300011,,,,NON
SCI FREDET EBMH,Peintre,ANTONY,92160,RESIDENCE LE CLOS DES PEINTRES 80 AVENUE DE LA DIVISION LECLERC 92160 ANTONY,491742771,49174277100026,,,,NON
ALICE COUPLEZ-RODAIX (RODAIX) (ARTISANE PEINTRE),Peintre,RUEIL-MALMAISON,92500,2EME ETAGE 1 RUE BEAUHARNAIS 92500 RUEIL-MALMAISON,750944175,75094417500025,,,,NON
ISMAILA SOKHNA (SOKHNA PEINTRE),Peintre,CHATENAY-MALABRY,92290,LGT 3530 3 AVENUE PAUL DE RUTTE 92290 CHATENAY-MALABRY,899941355,89994135500013,,,,NON
HILARIO LOPES TAVARES (HTL PEINTRE),Peintre,NEUILLY-SUR-SEINE,92200,15 RUE MADELEINE MICHELIS 92200 NEUILLY-SUR-SEINE,929898278,92989827800015,,,,NON
JULIA ETEDI,Peintre,NEUILLY-SUR-SEINE,92200,69 B RUE CHARLES LAFFITTE 92200 NEUILLY-SUR-SEINE,790819585,79081958500031,,,,NON
VERONIQUE FLEURY,Peintre,SEGRE-EN-ANJOU BLEU,49500,MINIERE DE L AUBERTIERE 49500 SEGRE-EN-ANJOU BLEU,399469220,39946922000038,,,,NON
MICHEL BASTICK (MICHEL BASTICK ARTISTE PEINTRE),Peintre,RUEIL-MALMAISON,92500,FRANCE 29 RUE DU CHATEAU 92500 RUEIL-MALMAISON,380518159,38051815900021,,,,NON
BON PEINTRE,Peintre,AULNAY-SOUS-BOIS,93600,CHEZ ASD 7 PLACE DE L'HOTEL DE VILLE 93600 AULNAY-SOUS-BOIS,501446801,50144680100018,,,,NON
LA PLATEFORME DU PEINTRE (PEINTURES DE BAGNOLET),Peintre,BAGNOLET,93170,84 AVENUE DE LA REPUBLIQUE 93170 BAGNOLET,810544999,81054499900016,,,,NON
L'ATELIER DU PEINTRE,Peintre,SAINT-DENIS,93200,8 PLACE DU CAQUET 93200 SAINT-DENIS,915383798,91538379800013,,,,NON
PEINTRES EN MOUVEMENT,Peintre,AULNAY-SOUS-BOIS,93600,10 AVENUE OLIN 93600 AULNAY-SOUS-BOIS,924382898,92438289800014,,,,NON
MC PEINTRE EN BATIMENT,Peintre,MONTFERMEIL,93370,7 RUE FUNCK BRENTANO 93370 MONTFERMEIL,903313146,90331314600024,,,,NON
ASS DES PEINTRES SCULPTEURS AULNAYSIENS,Peintre,AULNAY-SOUS-BOIS,93600,7 AVENUE OLIN 93600 AULNAY-SOUS-BOIS,387799604,38779960400047,,,,NON
ASSOC PEINTRES OFFICIELS AIR ET ESPACE,Peintre,LE BOURGET,93350,MUSEE L'AIR & L'ESPACE AEROPORT DE PARIS LE BOURG 93350 LE BOURGET,453442477,45344247700015,,,,NON
ASSOCIATION DES AYANTS DROIT DU PEINTRE HENRY VALENSI (AADPHV),Peintre,BAGNOLET,93170,156 RUE ROBESPIERRE 93170 BAGNOLET,532346749,53234674900015,,,,NON
RAPIDE PEINTRE,Peintre,PARIS,75010,221 RUE LA FAYETTE 75010 PARIS,492773395,49277339500032,,,,NON
QUALI PEINTRE,Peintre,MONTREUIL,93100,175 RUE DE PARIS 93100 MONTREUIL,449044973,44904497300021,,,,NON
LA CENTRALE DES PEINTRES,Peintre,BONDY,93140,73 AV DU QUATORZE JUILLET 93140 BONDY,478758634,47875863400016,,,,NON
LES PEINTRES ASSOCIES,Peintre,LA COURNEUVE,93120,68 AVENUE PAUL VAILLANT COUTURIER 93120 LA COURNEUVE,318333929,31833392900038,,,,NON
COMPAGNONS PEINTRES REUNIS (CPR),Peintre,PARIS,75015,7 RUE HOUDART DE LAMOTTE 75015 PARIS,378702591,37870259100025,,,,NON
SCI PEINTURE DE BAGNOLET,Peintre,BAGNOLET,93170,84 AVENUE DE LA REPUBLIQUE 93170 BAGNOLET,824190383,82419038300011,,,,NON
MOULDI LINGENIEUR (BEN SALEM) (PEINTRE),Peintre,ROMAINVILLE,93230,14 RUE DU CAMP 93230 ROMAINVILLE,515039493,51503949300025,,,,NON
IZABELLA RAK (PEINTRE),Peintre,LE RAINCY,93340,18 B ALLEE DU PLATEAU 93340 LE RAINCY,940560147,94056014700016,,,,NON
ION-DRAGOS TINTEA (PEINTRE),Peintre,MONTFERMEIL,93370,CHEZ ANTAL-PETI 148 AVENUE JEAN JAURES 93370 MONTFERMEIL,979438652,97943865200013,,,,NON
DANIEL OLARU (PEINTRE),Peintre,MONTFERMEIL,93370,CHEZ ANTAL-PETI 148 AVENUE JEAN JAURES 93370 MONTFERMEIL,948366778,94836677800017,,,,NON
MOULOUD ISSAD (ISD PEINTRE),Peintre,MONTREUIL,93100,15 RUE DU PETIT BOIS 93100 MONTREUIL,878083260,87808326000025,,,,NON
LE BON PEINTRE,Peintre,FONTENAY-SOUS-BOIS,94120,5 RUE LOUISE MICHEL 94120 FONTENAY-SOUS-BOIS,849381116,84938111600011,,,,NON
PEINTRES EN HERBE,Peintre,BOISSY-SAINT-LEGER,94470,1 RESIDENCE DU LAC 94470 BOISSY-SAINT-LEGER,520989633,52098963300018,,,,NON
SCI DU CARRE DES PEINTRES,Peintre,L'HAY-LES-ROSES,94240,MR GIBAULT 24 RUE DE LA BERGERE 94240 L'HAY-LES-ROSES,490463106,49046310600016,,,,NON
PEINTRES BARBOUILLEURS ORGANISES (PBO),Peintre,CRETEIL,94000,CENTRE SOCIO CULTUREL 1 RUE ALBERT DOYEN 94000 CRETEIL,342025855,34202585500012,,,,NON
ARTISTE PEINTRE SCI,Peintre,CHAMPIGNY-SUR-MARNE,94500,59 BOULEVARD GABRIEL PERI 94500 CHAMPIGNY-SUR-MARNE,407839430,40783943000011,,,,NON
PEINTRES A VITRY,Peintre,VITRY-SUR-SEINE,94400,CENTRE CULTUREL 36 RUE AUDIGEOIS 94400 VITRY-SUR-SEINE,805155413,80515541300018,,,,NON
LE CERCLE DES PEINTRES RETROUVES,Peintre,ORLY,94310,5 ALLEE DES SPORTS 94310 ORLY,810132795,81013279500024,,,,NON
DIDIER ARTISAN PEINTRE,Peintre,ABLON-SUR-SEINE,94480,BAT C 10 RESIDENCE DU VAL D’ABLON 94480 ABLON-SUR-SEINE,884034711,88403471100017,,,,NON
ARTISANT PEINTRE REVETEMENT ET ENTRETIEN (APRE),Peintre,SAINT-MAUR-DES-FOSSES,94210,9-11 9 AVENUE DE L’ALMA 94210 SAINT-MAUR-DES-FOSSES,351973052,35197305200027,,,,NON
ASSOCIATION DES ARTISTES ET PEINTRES BREVANNAIS,Peintre,LIMEIL-BREVANNES,94450,38 RUE ALBERT GARRY 94450 LIMEIL-BREVANNES,810995555,81099555500010,,,,NON
GROUPE EDOUARD MAUBERT PEINTRE DU XIX °,Peintre,FRESNES,94260,RESIDENCE LA FRESNAIE CHEZ MME RICHARD 33 AVENUE DE STALINGRAD 94260 FRESNES,529592511,52959251100016,,,,NON
HUGUES MAB PEINTRE ENTREPRISE (EKOUME) (MAB PEINTRE ENTREPRISES),Peintre,LA QUEUE-EN-BRIE,94510,11 AVENUE DU MARECHAL MORTIER 94510 LA QUEUE-EN-BRIE,980048623,98004862300014,,,,NON
L AMI DES PEINTRES,Peintre,PARIS,75008,61 BOULEVARD HAUSSMANN 75008 PARIS,448852764,44885276400027,,,,NON
LA PALETTE DU PEINTRE,Peintre,CHAMPIGNY-SUR-MARNE,94500,4 RUE FERDINAND BUISSON 94500 CHAMPIGNY-SUR-MARNE,453773525,45377352500010,,,,NON
LES PLATRIERS PEINTRES DE MARCOUSSIS,Peintre,MAROLLES-EN-BRIE,94440,1 RUE DES CHARPENTIERS 94440 MAROLLES-EN-BRIE,338662687,33866268700015,,,,NON
MARIE PETIT (DELIENNE),Peintre,SAINT-FRANCOIS,97118,18 CITE LES PETITES SALINES 97118 SAINT-FRANCOIS,827240292,82724029200025,,,,NON
TATIANA LUCENA HURTADO,Peintre,ARCUEIL,94110,RDC - ATELIER PEINTRE 1 RUE DU 19 MARS 1962 94110 ARCUEIL,808149603,80814960300033,,,,NON
MARIE-HELENE MATHIOUDAKIS,Peintre,PARIS,75001,45 RUE SAINTE-ANNE 75001 PARIS,434523254,43452325400069,,,,NON
JOSUE KONAN (J KONAN ARTISAN PEINTRE),Peintre,VILLEJUIF,94800,24 RUE JEAN MERMOZ 94800 VILLEJUIF,939281077,93928107700015,,,,NON
MARIE DUBOIS,Peintre,ABLON-SUR-SEINE,94480,1 QUAI MAGNE 94480 ABLON-SUR-SEINE,411146103,41114610300030,,,,NON
MARIA-ROSA PONS,Peintre,CHAMPIGNY-SUR-MARNE,94500,80 RUE CHARLES INFROIT 94500 CHAMPIGNY-SUR-MARNE,894971910,89497191000019,,,,NON
ANNIE CROIZIER (CROIZIER) (CROIZIER ANNIE ARTISTE PEINTRE),Peintre,CHEVILLY-LARUE,94550,51 AVENUE JACQUES BREL 94550 CHEVILLY-LARUE,947689964,94768996400015,,,,NON
MACON&LESQUOY (MACON&LESQUOY),Maçon,GRANVILLE,50400,162 RUE DE LA LIBERATION 50400 GRANVILLE,523696615,52369661500021,,,,NON
JACQUES MACON,Maçon,FERRIERES-EN-GATINAIS,45210,42 ROUTE DES MARNIERES 45210 FERRIERES-EN-GATINAIS,836341156,83634115600047,,,,NON
BTP MACON,Maçon,NOISY-LE-SEC,93130,184 RUE DE PARIS 93130 NOISY-LE-SEC,828726349,82872634900032,,,,NON
MACON-M,Maçon,PARIS,75016,26 RUE DE MONTEVIDEO 75016 PARIS,889511184,88951118400018,,,,NON
MARIE MACON,Maçon,PARIS,75010,38 RUE YVES TOUDIC 75010 PARIS,414401281,41440128100046,,,,NON
VICTOR MACON,Maçon,PARIS,75014,24 AVENUE RENE COTY 75014 PARIS,848483095,84848309500024,,,,NON
BARBARA MACON,Maçon,PARIS,75007,11 AVENUE DE SEGUR 75007 PARIS,829908235,82990823500023,,,,NON
GHO MACON NORD,Maçon,COURBEVOIE,92400,17-19 17 QUAI DU PRESIDENT PAUL DOUMER 92400 COURBEVOIE,819283359,81928335900043,,,,NON
MACON - LA GRISIERE SOLAIRE,Maçon,PARIS,75012,1-3 1 RUE DE LA DURANCE 75012 PARIS,914169339,91416933900027,,,,NON
MACON INVEST HOTEL,Maçon,PARIS,75008,BOITE NUMERO 3 27 RUE DU GENERAL FOY 75008 PARIS,338623291,33862329100030,,,,NON
LES MACONS DU PATRIMOINE (LES MACONS DU PATRIMOINE),Maçon,PARIS,75017,8 RUE LEMERCIER 75017 PARIS,453543944,45354394400038,,,,NON
ARROW MACON,Maçon,PARIS,75008,170 BOULEVARD HAUSSMANN 75008 PARIS,480570944,48057094400052,,,,NON
FRANCE MACONS (FRANCE MACONS),Maçon,PARIS,75009,44 RUE RODIER 75009 PARIS,792115677,79211567700025,,,,NON
LES MACONS PARISIENS (LMP),Maçon,PARIS,75020,8 RUE NOEL BALLAY 75020 PARIS,814884508,81488450800023,,,,NON
MACON EXPERT,Maçon,PARIS,75003,21 PLACE DE LA REPUBLIQUE 75003 PARIS,830285227,83028522700013,,,,NON
LE BON MACON,Maçon,PARIS,75015,19 RUE AUGUSTE CHABRIERES 75015 PARIS,944800671,94480067100017,,,,NON
LES MACONS PARISIENS (L.M.P),Maçon,PARIS,75011,20 RUE DE LA PIERRE LEVEE 75011 PARIS,792170334,79217033400017,,,,NON
LES COMPAGNONS MACONS,Maçon,PARIS,75010,15 RUE YVES TOUDIC 75010 PARIS,453426835,45342683500014,,,,NON
MACONS IDF,Maçon,PARIS,75020,26 RUE DES RIGOLES 75020 PARIS,488017740,48801774000017,,,,NON
LES MACONS DE FRANCE,Maçon,PARIS,75009,9 RUE NOTRE-DAME DE LORETTE 75009 PARIS,791705874,79170587400018,,,,NON
PELICAN MACON,Maçon,PARIS,75017,5 PLACE DU GENERAL CATROUX 75017 PARIS,908030588,90803058800010,,,,NON
DATAVEST MACON (DATAVEST MACON),Maçon,PARIS,75017,2 RUE MARIA DERAISMES 75017 PARIS,992281303,99228130300014,,,,NON
ARROW MACON II SNC,Maçon,PARIS,75008,170 BOULEVARD HAUSSMANN 75008 PARIS,789038411,78903841100045,,,,NON
SIH MACON PC,Maçon,PARIS,75009,57 RUE DE LA CHAUSSEE D'ANTIN 75009 PARIS,838969863,83896986300029,,,,NON
PARC EOLIEN DE FONTAINE MACON,Maçon,PARIS,75008,140 AVENUE DES CHAMPS ELYSEES 75008 PARIS,501447197,50144719700051,,,,NON
LEOPOLD MACON-DAUXERRE (MACON),Maçon,ASNIERES-SUR-SEINE,92600,3 AVENUE DE L’UNION 92600 ASNIERES-SUR-SEINE,880454616,88045461600017,,,,NON
MARION MACON,Maçon,COURBEVOIE,92400,1 PLACE DES SAISONS 92400 COURBEVOIE,847781507,84778150700029,,,,NON
JASON MACON,Maçon,ISSY-LES-MOULINEAUX,92130,AVENUE DU BAS MEUDON 92130 ISSY-LES-MOULINEAUX,919937011,91993701100014,,,,NON
LES MACONS DE PROVENCE (LES MACONS DE PROVENCE) (MDP),Maçon,SAINTE-MAXIME,83120,268 ROUTE DU PLAN DE LA TOUR 83120 SAINTE-MAXIME,443772363,44377236300059,,,,NON
LES MACONS DE PIERREFITTE (LMP),Maçon,STAINS,93240,41-47 41 CHEMIN DES FOURCHES 93240 STAINS,483388005,48338800500033,,,,NON
LES MACONS DE PARIS (LMP),Maçon,CLICHY,92110,35 RUE DES CAILLOUX 92110 CLICHY,538708363,53870836300014,,,,NON
MACON PRO,Maçon,COLOMBES,92700,3 RUE JEAN MONNET 92700 COLOMBES,938902723,93890272300015,,,,NON
GHO MACON NORD IB,Maçon,COURBEVOIE,92400,17-19 17 QUAI DU PRESIDENT PAUL DOUMER 92400 COURBEVOIE,819283417,81928341700049,,,,NON
INES MACON DAUXERRE (DAUXERRE),Maçon,ASNIERES-SUR-SEINE,92600,3 AVENUE DE L’UNION 92600 ASNIERES-SUR-SEINE,452185069,45218506900021,,,,NON
GHP MACON NORD,Maçon,COURBEVOIE,92400,17-19 17 QUAI DU PRESIDENT PAUL DOUMER 92400 COURBEVOIE,820839355,82083935500030,,,,NON
SCCV MACON DEVELOPPEMENT,Maçon,BOULOGNE-BILLANCOURT,92100,123 RUE DU CHATEAU 92100 BOULOGNE-BILLANCOURT,829294586,82929458600013,,,,NON
CLE MACON SAS,Maçon,ISSY-LES-MOULINEAUX,92130,23 RUE DU VIADUC 92130 ISSY-LES-MOULINEAUX,852826437,85282643700018,,,,NON
MACONS D'ILE DE FRANCE (MACONS D'ILE DE FRANCE),Maçon,NANTERRE,92000,65 RUE DE LA CROIX 92000 NANTERRE,979062809,97906280900020,,,,NON
GHP MACON NORD IB,Maçon,COURBEVOIE,92400,17-19 17 QUAI DU PRESIDENT PAUL DOUMER 92400 COURBEVOIE,820845691,82084569100030,,,,NON
MACON-BOULOGNE,Maçon,PARIS,75015,6 RUE DU DOCTEUR FINLAY 75015 PARIS,412735938,41273593800034,,,,NON
MACONS ET TRADITIONS (MET),Maçon,MONTROUGE,92120,9 AVENUE VERDIER 92120 MONTROUGE,383184876,38318487600019,,,,NON
D8 CHEZ LES MACONS PARISIENS,Maçon,VITRY-SUR-SEINE,94400,1 AVENUE ANDRE MAGINOT 94400 VITRY-SUR-SEINE,435396841,43539684100015,,,,NON
OSCAR,Maçon,SURESNES,92150,78 BOULEVARD DU MARECHAL DE LATTRE DE TASSIGNY 92150 SURESNES,904614666,90461466600017,,,,NON
ISIS TALENT,Maçon,VILLENEUVE-LES-AVIGNON,30400,18 CHEMIN DU CARRAT 30400 VILLENEUVE-LES-AVIGNON,515034601,51503460100044,,,,NON
SOC PEINTURE MACONNE SANITAI DECORATION (SPMSD),Maçon,LEVALLOIS-PERRET,92300,17 RUE TREBOIS 92300 LEVALLOIS-PERRET,333268258,33326825800022,,,,NON
SRPM STE DE RAVALEMENT PEINTURE MACON,Maçon,CLICHY,92110,32 BOULEVARD VICTOR HUGO 92110 CLICHY,412858888,41285888800016,,,,NON
SOCIETE BRUNO DEL MISSIER MACON 76,Maçon,SCEAUX,92330,5 SEN DE PARIS 92330 SCEAUX,672006707,67200670700018,,,,NON
SOC GENERALE BATIM PEINT SANIT MACON (SGBPSM),Maçon,VILLEJUIF,94800,13 RUE PASTEUR 94800 VILLEJUIF,421970054,42197005400027,,,,NON
MACON PARISIEN,Maçon,PANTIN,93500,17 RUE DENIS PAPIN 93500 PANTIN,901089417,90108941700017,,,,NON
MACON DE LUXE,Maçon,SAINT-DENIS,93200,1 RUE ALBERT EINSTEIN 93200 SAINT-DENIS,934196619,93419661900019,,,,NON
EURO MACON,Maçon,BONDY,93140,23 AVENUE CARNOT 93140 BONDY,450285960,45028596000016,,,,NON
LES MACONS EPINOIS (LES MACONS EPINOIS),Maçon,PANTIN,93500,45 RUE DES SEPT ARPENTS 93500 PANTIN,803144955,80314495500017,,,,NON
SAS MACON,Maçon,VILLEPINTE,93420,4 AVENUE PIERRE BEREGOVOY 93420 VILLEPINTE,878551423,87855142300014,,,,NON
LES MEILLEURS MACONS,Maçon,NOISY-LE-SEC,93130,184 RUE DE PARIS 93130 NOISY-LE-SEC,881212815,88121281500032,,,,NON
UNION DES MACONS,Maçon,BOBIGNY,93000,1 RUE DE L'INDUSTRIE 93000 BOBIGNY,844387795,84438779500017,,,,NON
PRO MACON 76,Maçon,PANTIN,93500,22 RUE FRANKLIN 93500 PANTIN,522310713,52231071300030,,,,NON
COMPAGNONS MACONS EUROPEENNES (CME),Maçon,VITRY-SUR-SEINE,94400,4 AVENUE PAUL VAILLANT COUTURIER 94400 VITRY-SUR-SEINE,828753426,82875342600026,,,,NON
MACONS BATISSEURS GIRONDINS (MBG),Maçon,AUBERVILLIERS,93300,89 RUE HENRI BARBUSSE 93300 AUBERVILLIERS,843713918,84371391800038,,,,NON
SCI ASA MACON,Maçon,NOISY-LE-GRAND,93160,32 RUE DE MACON 93160 NOISY-LE-GRAND,945363703,94536370300014,,,,NON
LES BONS MACONS DU BATIMENT (BMB),Maçon,EPINAY-SUR-SEINE,93800,19-21 19 RUE DES SAULES 93800 EPINAY-SUR-SEINE,752360156,75236015600018,,,,NON
SGME SOC GERVAIS MACON ETANCHE,Maçon,LE PRE-SAINT-GERVAIS,93310,61 AVENUE EDOUARD VAILLANT 93310 LE PRE-SAINT-GERVAIS,328430749,32843074900015,,,,NON
LE MACON,Maçon,MONTFERMEIL,93370,15 RUE DU GENERAL LECLERC 93370 MONTFERMEIL,419427257,41942725700011,,,,NON
MACON 75,Maçon,BAGNOLET,93170,34 RUE ANATOLE FRANCE 93170 BAGNOLET,438693699,43869369900011,,,,NON
LES MACONS DE FELLETIN,Maçon,DRANCY,93700,35 RUE DE L'ESPERANCE 93700 DRANCY,391793031,39179303100017,,,,NON
LES MACONS FRANCAIS,Maçon,EPINAY-SUR-SEINE,93800,19 A 21 19 RUE DES SAULES 93800 EPINAY-SUR-SEINE,498302355,49830235500017,,,,NON
LES MACONS DE PANTIN,Maçon,AUBERVILLIERS,93300,68 RUE ANDRE KARMAN 93300 AUBERVILLIERS,509869376,50986937600012,,,,NON
LES MACONS REUNIS,Maçon,LE RAINCY,93340,10 B AVENUE DE LIVRY 93340 LE RAINCY,392126835,39212683500017,,,,NON
DSR MACONS,Maçon,PARIS,75019,118 A 130 118 AVENUE JEAN JAURES 75019 PARIS,345349260,34534926000033,,,,NON
MACONS BLEUS,Maçon,PARIS,75009,44 RUE RODIER 75009 PARIS,500725627,50072562700029,,,,NON
MACON,Maçon,VILLIERS-SUR-MARNE,94350,17 AVENUE PIERRE DUPONT 94350 VILLIERS-SUR-MARNE,831764824,83176482400015,,,,NON
CONSTANCE MACON,Maçon,SAINT-MAURICE,94410,BATIMENT A 32 AV DU MAL DE LATTRE DE TASSIGNY 94410 SAINT-MAURICE,943652925,94365292500018,,,,NON
THIBAULT MACON,Maçon,FONTAINES,71150,1 RUE JEAN JOSEPH DESVIGNES 71150 FONTAINES,820727634,82072763400033,,,,NON
SCI DE MACON,Maçon,ALFORTVILLE,94140,1 RUE DE MACON 94140 ALFORTVILLE,492458344,49245834400016,,,,NON
MACON EXPERT,Maçon,VINCENNES,94300,CS 60002 - CX 94306 112 AVENUE DE PARIS 94300 VINCENNES,817579410,81757941000025,,,,NON
B.B.C. MACON,Maçon,SAINT-MAUR-DES-FOSSES,94210,LA VARENNE SAINT-HILAIRE 3 RUE COLETTE 94210 SAINT-MAUR-DES-FOSSES,801056862,80105686200023,,,,NON
SARL LES MACONS REUNIS,Maçon,VILLENEUVE-LE-ROI,94290,69 AVENUE CARNOT 94290 VILLENEUVE-LE-ROI,532904612,53290461200019,,,,NON
LES COMPAGNONS MACONS PARISIENS (LCMP),Maçon,CHAMPIGNY-SUR-MARNE,94500,132 SENTIER DES BAS BONNE EAU 94500 CHAMPIGNY-SUR-MARNE,804946853,80494685300020,,,,NON
"ADOPTEZ 1 MACON (ADOPTEZ 1 PLOMBIER,ENKA CONSTRUCTION)",Maçon,IVRY-SUR-SEINE,94200,100 AVENUE DANIELLE CASANOVA 94200 IVRY-SUR-SEINE,849329180,84932918000012,,,,NON
SCI DU 4 RUE DE MACON,Maçon,ALFORTVILLE,94140,4 RUE VERON 94140 ALFORTVILLE,398286161,39828616100011,,,,NON
SYNDIC COPROP 1 RUE DES MACONS,Maçon,ORLY,94310,1 RUE DES MACONS 94310 ORLY,449778000,44977800000017,,,,NON
LES MACONS DE MONTREUIL,Maçon,NOGENT-SUR-MARNE,94130,3 T RUE ROI DAGOBERT 94130 NOGENT-SUR-MARNE,391821295,39182129500014,,,,NON
LES MACONS DU VAL DE MARNE,Maçon,PARIS,75020,26 RUE DES RIGOLES 75020 PARIS,450001011,45000101100045,,,,NON
LES MACONS DU VAL DE MARNE,Maçon,BONNEUIL-SUR-MARNE,94380,3 RUE LEA MAURY 94380 BONNEUIL-SUR-MARNE,491072401,49107240100012,,,,NON
BONNE SANTE,Maçon,SAINT-MAURICE,94410,8 RUE DE LA POMPE 94410 SAINT-MAURICE,483694378,48369437800017,,,,NON
MACON CARREL SANITAIRE PRUD'HOMME (MCSP),Maçon,CHENNEVIERES-SUR-MARNE,94430,12 AVENUE CLAUDE DEBUSSY 94430 CHENNEVIERES-SUR-MARNE,390024131,39002413100018,,,,NON
CONST ET TRANSFOR MACON SCTM (SCTM),Maçon,CHAMPIGNY-SUR-MARNE,94500,26 RUE DES PERREUX 94500 CHAMPIGNY-SUR-MARNE,302696570,30269657000027,,,,NON
SERRURERIE CHAUFFAGE PLOMBER MACON CHARP (SCPMC),Maçon,VILLENEUVE-SAINT-GEORGES,94190,97 RUE GAMBETTA 94190 VILLENEUVE-SAINT-GEORGES,383976685,38397668500016,,,,NON
SOC RAVALEMENT MACONNER REGION PARISIENN,Maçon,COMBS-LA-VILLE,77380,1 RUE DU HAUT DU BREUIL 77380 COMBS-LA-VILLE,327336095,32733609500036,,,,NON
RAVALEMENT MACON CONST ISOLAT THERM (RMCIT),Maçon,PARIS,75010,22 RUE DES MESSAGERIES 75010 PARIS,481544625,48154462500025,,,,NON
MGRC MACON GENER RENOV CONST,Maçon,L'HAY-LES-ROSES,94240,150 AVENUE DE STALINGRAD 94240 L'HAY-LES-ROSES,331110411,33111041100013,,,,NON
SARL PLOMBERIE AGENC RENOVATION MACONNER (PARM),Maçon,SAINT-MAUR-DES-FOSSES,94100,50 AVENUE VERGNIAUD 94100 SAINT-MAUR-DES-FOSSES,421894668,42189466800019,,,,NON
STE PEINT RAVAL MACON BET ARME,Maçon,CRETEIL,94000,100 AV DU MAL DE LATTRE DE TASSIGNY 94000 CRETEIL,326537404,32653740400013,,,,NON
SERRURIER,Serrurier,PARIS,75009,24 RUE DE CLICHY 75009 PARIS,921892717,92189271700015,,,,NON
SERRURIER,Serrurier,PARIS,75010,221 RUE LA FAYETTE 75010 PARIS,502999386,50299938600019,,,,NON
LUDIVINE SERRURIER,Serrurier,THIAIS,94320,15 RUE MARCEL BIERRY 94320 THIAIS,883164568,88316456800023,,,,NON
COMPTOIR DES SERRURIERS,Serrurier,PARIS,75009,30 RUE VIGNON 75009 PARIS,851590141,85159014100012,,,,NON
PARIS SERRURIER,Serrurier,PARIS,75015,57 RUE DE L'AMIRAL ROUSSIN 75015 PARIS,944501832,94450183200017,,,,NON
CHER SERRURIER PAS,Serrurier,PARIS,75018,10 RUE CALMELS 75018 PARIS,933813644,93381364400012,,,,NON
QUENTIN SERRURIER,Serrurier,BORDEAUX,33000,24 RUE MAUBEC 33000 BORDEAUX,850499617,85049961700023,,,,NON
AXEL SERRURIER,Serrurier,PARIS,75018,4 SQUARE LEIBNIZ 75018 PARIS,924370786,92437078600015,,,,NON
CHER SERRURIER PAS,Serrurier,PARIS,75018,10 RUE CALMELS 75018 PARIS,933139164,93313916400018,,,,NON
MOI SERRURIER AUTOUR DE,Serrurier,PARIS,75007,92 BOULEVARD DE LA TOUR-MAUBOURG 75007 PARIS,934989823,93498982300018,,,,NON
MELANIE SERRURIER,Serrurier,PARIS,75012,9 VILLA DE SAINT-MANDE 75012 PARIS,980285621,98028562100010,,,,NON
MELODIE SERRURIER,Serrurier,SAINT-MAUR-DES-FOSSES,94210,LA VARENNE SAINT HILAIRE 15 AVENUE DE CHANZY 94210 SAINT-MAUR-DES-FOSSES,888584240,88858424000038,,,,NON
ALAIN SERRURIER VITRIER,Serrurier,CHAMPS-SUR-MARNE,77420,CHEZ MERCURY FACILITIES 11 RUE ALBERT EINSTEIN 77420 CHAMPS-SUR-MARNE,450613807,45061380700012,,,,NON
AUGUSTIN SERRURIER VITRIER,Serrurier,IVRY-SUR-SEINE,94200,15 AVENUE JEAN JAURES 94200 IVRY-SUR-SEINE,450930029,45093002900019,,,,NON
ANTOINE SERRURIER VITRIER,Serrurier,SAVIGNY-SUR-ORGE,91600,108 AVENUE ROGER SALENGRO 91600 SAVIGNY-SUR-ORGE,450538194,45053819400017,,,,NON
PROXIMITE SERRURIER A,Serrurier,PARIS,75013,23 RUE DE POUY 75013 PARIS,933179996,93317999600014,,,,NON
PROXIMITE SERRURIER A,Serrurier,PARIS,75013,23 RUE DE POUY 75013 PARIS,933814766,93381476600012,,,,NON
ANNE-SOPHIE SERRURIER (FORMATION ET CONSEIL),Serrurier,PARIS,75011,75 AVENUE PHILIPPE-AUGUSTE 75011 PARIS,901976068,90197606800014,,,,NON
SERRURIER TOM SOS,Serrurier,PARIS,75014,15 RUE BENARD 75014 PARIS,944737956,94473795600010,,,,NON
SERRURIER URGENCE SOS,Serrurier,PARIS,75014,77 RUE DES PLANTES 75014 PARIS,940838790,94083879000019,,,,NON
PARIS URGENCE SERRURIER,Serrurier,PARIS,75016,6 RUE MARIETTA MARTIN 75016 PARIS,938635810,93863581000014,,,,NON
YANN SERRURIER INVESTISSEMENTS,Serrurier,PLOUGONVEN,29640,31 LD JUSTICOU 29640 PLOUGONVEN,797578176,79757817600035,,,,NON
SCI DU SERRURIER,Serrurier,MEAUX,77100,8 RUE DES TEINTURIERS 77100 MEAUX,447911934,44791193400035,,,,NON
LES SERRURIERS PARISIENS (LES SERRURIERS PARISIENS LES VITRIERS PARISIENS),Serrurier,PARIS,75005,ABC-LIV 16 BOULEVARD SAINT-GERMAIN 75005 PARIS,878767359,87876735900010,,,,NON
SERRURIER EXPERT,Serrurier,PARIS,75017,58 AVENUE DE WAGRAM 75017 PARIS,903515005,90351500500010,,,,NON
CAMILLE SERRURIER ARABADJIEVA (SERRURIER),Serrurier,ELANCOURT,78990,10 RUE ERIC TABARLY 78990 ELANCOURT,847656790,84765679000023,,,,NON
SERRURIER NANTERRE (SERRURERIE RUEIL MALMAISON - FRANCE MULTI TRAVAUX - VITRIER REIMS),Serrurier,NANTERRE,92000,64 BOULEVARD NATIONAL 92000 NANTERRE,919409508,91940950800018,,,,NON
ALEXANDRE SERRURIER,Serrurier,PUTEAUX,92800,62 RUE VICTOR HUGO 92800 PUTEAUX,792832404,79283240400018,,,,NON
MOI SERRURIER PRES DE CHEZ,Serrurier,CLAMART,92140,7 RUE DE L'EGLISE 92140 CLAMART,934989104,93498910400013,,,,NON
CHRONO SERRURIER,Serrurier,COURBEVOIE,92400,293 A 295 293 BOULEVARD SAINT-DENIS 92400 COURBEVOIE,482332855,48233285500014,,,,NON
SO SERRURIER,Serrurier,COLOMBES,92700,115 BOULEVARD MARCEAU 92700 COLOMBES,894346808,89434680800013,,,,NON
CECILE RIFFIOD SERRURIER (RIFFIOD),Serrurier,RENNES,35000,39 RUE ARMAND REBILLON 35000 RENNES,524382595,52438259500022,,,,NON
LDP SERRURIER PRO (LDP SERRURERIE PRO),Serrurier,FONTENAY-AUX-ROSES,92260,10 RUE DES MOTTIES 92260 FONTENAY-AUX-ROSES,951598820,95159882000011,,,,NON
ALLO SERRURIER DEPANNAGE,Serrurier,NEUILLY-SUR-SEINE,92200,69 BOULEVARD VICTOR HUGO 92200 NEUILLY-SUR-SEINE,100248673,10024867300012,,,,NON
SAS STM AU PETIT SERRURIER DE NEUILLY (SAS STM AU PETIT SERRURIER NEUILLY) (SSAPSDN),Serrurier,NEUILLY-SUR-SEINE,92200,176 AVENUE CHARLES DE GAULLE 92200 NEUILLY-SUR-SEINE,948783352,94878335200016,,,,NON
ASC SERRURIERS CONSEILS ASSOCIES,Serrurier,COURBEVOIE,92400,46 BOULEVARD ARISTIDE BRIAND 92400 COURBEVOIE,344804711,34480471100028,,,,NON
OPS SERRURIER,Serrurier,RUEIL-MALMAISON,92500,57 RUE HENRI DUNANT 92500 RUEIL-MALMAISON,925329955,92532995500015,,,,NON
CARRE D'AS,Serrurier,RENNES,35000,6 RUE DE LORIENT 35000 RENNES,517834891,51783489100056,,,,NON
ADONYS,Serrurier,PARIS,75003,64 RUE RAMBUTEAU 75003 PARIS,804183457,80418345700022,,,,NON
SCI MEIN GLAZ,Serrurier,NEUILLY-SUR-SEINE,92200,CHEZ MR ET MME SIMON F 14 RUE SAINT - PAUL 92200 NEUILLY-SUR-SEINE,444885404,44488540400012,,,,NON
DAVID TAN (SERRURIER DAVID),Serrurier,MONTROUGE,92120,18 AV DE LA PAIX CLARISSA JEAN-PHILIPP 92120 MONTROUGE,538365743,53836574300029,,,,NON
SERRURE OUEST,Serrurier,PARIS,75016,75 B RUE MICHEL-ANGE 75016 PARIS,948726369,94872636900010,,,,NON
HAIM KALIFA (HK-SERRURIER PLOMBIER),Serrurier,LEVALLOIS-PERRET,92300,74 RUE ARISTIDE BRIAND 92300 LEVALLOIS-PERRET,803089978,80308997800024,,,,NON
NASSER KAHLERRAS (MULTIPLE SERVICE SERRURIER),Serrurier,GENNEVILLIERS,92230,LOGT 6113 115 AVENUE DES GRESILLONS 92230 GENNEVILLIERS,822085163,82208516300019,,,,NON
JTP SERRURIER,Serrurier,GAGNY,93220,11 ALLEE DES CAPUCINES 93220 GAGNY,893350132,89335013200013,,,,NON
RAINCY SERRURIER LE,Serrurier,LE RAINCY,93340,32 ALLEE DE MONTFERMEIL 93340 LE RAINCY,945162477,94516247700018,,,,NON
URGENCE SERRURIER,Serrurier,AUBERVILLIERS,93300,11 RUE DE LA COURNEUVE 93300 AUBERVILLIERS,934421108,93442110800010,,,,NON
MAUD SERRURIER,Serrurier,MONTREUIL,93100,49 RUE DE VINCENNES 93100 MONTREUIL,798490207,79849020700015,,,,NON
VILLEMOMBLE MERCIER SERRURIER,Serrurier,VILLEMOMBLE,93250,9 RUE GERMINAL 93250 VILLEMOMBLE,938104049,93810404900011,,,,NON
SERRURIER DE L'OISE (SERRURIER DE L'OISE),Serrurier,BERNEUIL-SUR-AISNE,60350,ZONE ECONOMIQUE JL GIRAULT 1 RUE MARCEL RINN 60350 BERNEUIL-SUR-AISNE,908685423,90868542300034,,,,NON
SERRURIER DEPANNE,Serrurier,PANTIN,93500,43 RUE AUGER 93500 PANTIN,945028793,94502879300012,,,,NON
SERRURIER SIADAM,Serrurier,VILLEMOMBLE,93250,5 IMPASSE HUMBLOT 93250 VILLEMOMBLE,999215510,99921551000010,,,,NON
MAF SERRURIER (MAF SERRURIER),Serrurier,TREMBLAY-EN-FRANCE,93290,42 RUE D'ARTOIS 93290 TREMBLAY-EN-FRANCE,818622755,81862275500028,,,,NON
SERRURIER KACEL,Serrurier,SAINT-OUEN-SUR-SEINE,93400,2 RUE BAUDIN 93400 SAINT-OUEN-SUR-SEINE,832688584,83268858400024,,,,NON
SERRURIER JAD,Serrurier,NOISY-LE-GRAND,93160,102 RUE DE LA PIAZZA 93160 NOISY-LE-GRAND,977789031,97778903100019,,,,NON
SERRURIER AGM,Serrurier,VILLETANEUSE,93430,12 RUE DE L'HOTEL DE VILLE 93430 VILLETANEUSE,980476535,98047653500011,,,,NON
SC SERRURIER,Serrurier,BOBIGNY,93000,34 RUE GEORGES TARRAL 93000 BOBIGNY,942315979,94231597900016,,,,NON
SVS SERRURIER,Serrurier,NOISY-LE-SEC,93130,8 AVENUE GALLIENI 93130 NOISY-LE-SEC,983163189,98316318900019,,,,NON
EL SERRURIER,Serrurier,LE BLANC-MESNIL,93150,10 RUE GEORGES BIZET 93150 LE BLANC-MESNIL,984615880,98461588000015,,,,NON
MS SERRURIER,Serrurier,LE BLANC-MESNIL,93150,8 RUE RICHARD WAGNER 93150 LE BLANC-MESNIL,984862987,98486298700018,,,,NON
AU FORUM DU SERRURIER (AU FORUM DU SERRURIER),Serrurier,PANTIN,93500,NOAH BUREAU 29 RUE CARTIER BRESSON 93500 PANTIN,995050028,99505002800019,,,,NON
NEUILLY-PLAISANCE BOYER SERRURIER,Serrurier,NEUILLY-PLAISANCE,93360,41 AVENUE DU MARECHAL FOCH 93360 NEUILLY-PLAISANCE,938104114,93810411400013,,,,NON
SAINT-DENIS LEGRAND SERRURIER,Serrurier,SAINT-DENIS,93200,27 RUE PAUL ELUARD 93200 SAINT-DENIS,938304797,93830479700013,,,,NON
NOISY-LE-GRAND ROBIN SERRURIER,Serrurier,NOISY-LE-GRAND,93160,132 RUE PIERRE BROSSOLETTE 93160 NOISY-LE-GRAND,938305448,93830544800012,,,,NON
SERRURIER GRAND PARIS - DEPANNAGE SERRURERIE ET RIDEAUX METALLIQUES 77 (SERRURIER GRAND PARIS) (SGP),Serrurier,SAINT-THIBAULT-DES-VIGNES,77400,10 ALLEE DE LA FONTAINE 77400 SAINT-THIBAULT-DES-VIGNES,914560875,91456087500017,,,,NON
SERRURIER METALLIER PARIS,Serrurier,SEVRAN,93270,19 RUE DU PETIT BOIS 93270 SEVRAN,880781604,88078160400025,,,,NON
RTE SERRURIER METALIER,Serrurier,PANTIN,93500,195 AVENUE JEAN LOLIVE 93500 PANTIN,953257912,95325791200014,,,,NON
SERRURIER POSEUR OUCHEN (S.P.O),Serrurier,NOISY-LE-SEC,93130,1 RUE PAUL VERLAINE 93130 NOISY-LE-SEC,919730671,91973067100014,,,,NON
SERRURIER AM CONNECT,Serrurier,TREMBLAY-EN-FRANCE,93290,15 AVENUE ERNEST RENAN 93290 TREMBLAY-EN-FRANCE,993340629,99334062900019,,,,NON
SERRURIER DEPANNAGE,Serrurier,CRETEIL,94000,15 AVENUE MAL DE LATTRE DE TASSIGNY 94000 CRETEIL,941921785,94192178500015,,,,NON
SERRURIER DEPANNAGE,Serrurier,CRETEIL,94000,15 AVENUE MAL DE LATTRE DE TASSIGNY 94000 CRETEIL,943226415,94322641500017,,,,NON
ALFORTVILLE PICARD SERRURIER,Serrurier,ALFORTVILLE,94140,23 RUE DE FLORE 94140 ALFORTVILLE,942058975,94205897500015,,,,NON
SOPHIE TROIANOVSKI (SERRURIER),Serrurier,VINCENNES,94300,2 RUE LEJEMPTEL 94300 VINCENNES,433311644,43331164400010,,,,NON
VILLEJUIF ROCHE SERRURIER,Serrurier,VILLEJUIF,94800,31 RUE RAMEAU 94800 VILLEJUIF,938988326,93898832600014,,,,NON
VINCENNES LEROUX SERRURIER,Serrurier,VINCENNES,94300,10 RUE DE L'EGALITE 94300 VINCENNES,938988458,93898845800015,,,,NON
SERRURIER BRAND,Serrurier,SAINT-MANDE,94160,14 AVENUE DU GENERAL DE GAULLE 94160 SAINT-MANDE,907864094,90786409400020,,,,NON
SERRURIER SERENITY,Serrurier,NOGENT-SUR-MARNE,94130,8 RUE LEQUESNE 94130 NOGENT-SUR-MARNE,979606167,97960616700026,,,,NON
SERRURIER VITRIER M,Serrurier,CRETEIL,94000,23 RUE CHARLES- GUSTAVE STOSKOPF 94000 CRETEIL,892971748,89297174800017,,,,NON
EURO SERRURIER,Serrurier,FRESNES,94260,28 AVENUE DES PEPINIERES 94260 FRESNES,892368283,89236828300024,,,,NON
LES SERRURIERS METALLIERS DU VAL DE MARNE,Serrurier,CHAMPIGNY-SUR-MARNE,94500,21 RUE EDOUARD JENNER 94500 CHAMPIGNY-SUR-MARNE,790166375,79016637500028,,,,NON
CHOISY-LE-ROI VIDAL SERRURIER,Serrurier,CHOISY-LE-ROI,94600,41 RUE ALBERT 1ER 94600 CHOISY-LE-ROI,938988474,93898847400012,,,,NON
IVRY-SUR-SEINE BARBIER SERRURIER,Serrurier,IVRY-SUR-SEINE,94200,12 RUE JULES FERRY 94200 IVRY-SUR-SEINE,938995495,93899549500018,,,,NON
ALFORTVILLE PICARD SERRURIER ALFORTVILLE,Serrurier,ALFORTVILLE,94140,23 RUE DE FLORE 94140 ALFORTVILLE,939189247,93918924700017,,,,NON
SAINT-MANDE HENRY SERRURIER,Serrurier,SAINT-MANDE,94160,14 RUE DE BERULLE 94160 SAINT-MANDE,938827565,93882756500012,,,,NON
VITRY-SUR-SEINE GIRAUD SERRURIER,Serrurier,VITRY-SUR-SEINE,94400,25 RUE DE FRANCE 94400 VITRY-SUR-SEINE,938958949,93895894900019,,,,NON
CHAMPIGNY-SUR-MARNE RIVIERE SERRURIER,Serrurier,CHAMPIGNY-SUR-MARNE,94500,45 RUE DE VERDUN 94500 CHAMPIGNY-SUR-MARNE,938963865,93896386500010,,,,NON
MAISONS-ALFORT MARTIN SERRURIER,Serrurier,MAISONS-ALFORT,94700,4 RUE CHEVREUL 94700 MAISONS-ALFORT,938988235,93898823500017,,,,NON
FR PRO SERRURIER,Serrurier,CHAMPIGNY-SUR-MARNE,94500,37 AVENUE BOILEAU 94500 CHAMPIGNY-SUR-MARNE,922648399,92264839900017,,,,NON
ARTISAN SERRURIER CONFIANCE,Serrurier,SAINT-MAURICE,94410,4 RUE DE LA POMPE 94410 SAINT-MAURICE,931492995,93149299500010,,,,NON
GUILMET SERRURIER VITRIER (GSV),Serrurier,BUSSY-SAINT-GEORGES,77600,16 AVENUE GRAHAM BELL 77600 BUSSY-SAINT-GEORGES,790898159,79089815900039,,,,NON
COMPAGNONS SERRURIERS GRIMAUD (COMPAGNONS SERRURIERS GRIMAUD) (CSGRIMAUD),Serrurier,MAISONS-ALFORT,94700,24 DOMAINE DE CHATEAU GAILLARD 94700 MAISONS-ALFORT,982480295,98248029500012,,,,NON
LES MENUISIERS ROSEMAR,Menuisier,PARIS,75011,54 RUE DE MONTREUIL 75011 PARIS,884550815,88455081500028,,,,NON
MENUISIER PARISIEN,Menuisier,PARIS,75018,109 RUE LAMARCK 75018 PARIS,821961695,82196169500011,,,,NON
UN ARTISAN MENUISIER,Menuisier,PARIS,75016,11 RUE DE MAGDEBOURG 75016 PARIS,850733197,85073319700014,,,,NON
AU P'TIT MENUISIER,Menuisier,NOISY-LE-GRAND,93160,9 RUE MARCELLIN BERTHELOT 93160 NOISY-LE-GRAND,403420540,40342054000037,,,,NON
FRANCE MENUISIER,Menuisier,PARIS,75012,117 RUE DE CHARENTON 75012 PARIS,790820187,79082018700033,,,,NON
MENUISIER ZORAN ET FILS (MENUISIER ZORAN ET FILS),Menuisier,PARIS,75020,12 ALLEE DU PERE JULIEN DHUIT 75020 PARIS,991543760,99154376000011,,,,NON
MENUISIERS DE PARIS,Menuisier,PARIS,75010,1 RUE DE PARADIS 75010 PARIS,489590414,48959041400020,,,,NON
COMPTOIR DES MENUISIERS (C D M),Menuisier,PARIS,75012,116 RUE DE CHARENTON 75012 PARIS,478225196,47822519600052,,,,NON
LES MENUISIERS PARISIENS,Menuisier,PARIS,75018,RUE DAMREMONT 75018 PARIS,401451018,40145101800014,,,,NON
LES MENUISIERS REUNIS,Menuisier,NOISY-LE-GRAND,93160,424 LA CLOSERIE 93160 NOISY-LE-GRAND,383762028,38376202800033,,,,NON
COMPTOIR DES MENUISIERS,Menuisier,PARIS,75017,88 AVENUE DES TERNES 75017 PARIS,449375732,44937573200012,,,,NON
LES MENUISIERS PARISIENS (LMP),Menuisier,PARIS,75010,3 RUE EUGENE VARLIN 75010 PARIS,439077405,43907740500025,,,,NON
LES MENUISIERS PARISIENS,Menuisier,PARIS,75014,16 B RUE D'ODESSA 75014 PARIS,503112062,50311206200016,,,,NON
FINANCIERE PROFESSION MENUISIER,Menuisier,PARIS,75012,18 A 20 18 BOULEVARD DE REUILLY 75012 PARIS,491135661,49113566100016,,,,NON
MENUISIERS CARRELEURS DU BATIMENT,Menuisier,BOBIGNY,93000,4 RUE GEORGES BRUYERE 93000 BOBIGNY,399095926,39909592600032,,,,NON
L.A.M. (LES ARTISANS MENUISIERS),Menuisier,PARIS,75020,26 AVENUE GAMBETTA 75020 PARIS,442949681,44294968100013,,,,NON
LES EBENISTES ET MENUISIERS ASSOCIES (LEMA),Menuisier,PARIS,75007,23 AVENUE DE SEGUR 75007 PARIS,322676909,32267690900029,,,,NON
LE CERCLE DES MENUISIERS D'ILE DE FRANCE,Menuisier,PARIS,75012,21 RUE DE FECAMP 75012 PARIS,424999571,42499957100013,,,,NON
PROFESSION MENUISIER RHONE-ALPES,Menuisier,DARDILLY,69570,45 CHEMIN DU MOULIN CARRON 69570 DARDILLY,348266693,34826669300095,,,,NON
LOMBARDO MENUSIER,Menuisier,PARIS,75011,36 RUE DE L'ORILLON 75011 PARIS,987512316,98751231600017,,,,NON
LES FENETRES AVEYRONNAISES (LA BOUTIQUE DU MENUISIER),Menuisier,PARIS,75018,69 T RUE DAMREMONT 75018 PARIS,534894258,53489425800019,,,,NON
FENETRES ET MENUISERIES DE PARIS (FENETRES ET MENUISERIES DE PARIS) (F.M.P),Menuisier,PARIS,75009,PARIS 9EME 91 RUE LA FAYETTE 75009 PARIS,948007042,94800704200013,,,,NON
ATELIER J.VALENTIN ANDREAE (LE MENUISIER DU FAUBOURG),Menuisier,PARIS,75011,40 RUE ALEXANDRE DUMAS 75011 PARIS,837692128,83769212800023,,,,NON
THEO BOIVENT (LE MENUISIER SAVOYARD),Menuisier,PARIS,75008,BUREAU 326 78 AVENUE DES CHAMPS ELYSEES 75008 PARIS,943599274,94359927400017,,,,NON
FERNANDO ARAUJO (MAB MENUISIER),Menuisier,PARIS,75014,30 B RUE DE LA GAITE 75014 PARIS,451490296,45149029600014,,,,NON
LEMAIRE MENUISIER,Menuisier,CESSON,77240,100 RUE NEWTON 77240 CESSON,481831444,48183144400023,,,,NON
THEO LE MENUISIER,Menuisier,COURBEVOIE,92400,1 PARC DE LATTRE DE TASSIGNY 92400 COURBEVOIE,909131591,90913159100028,,,,NON
SAINT-GOBAIN GLASS SOLUTIONS MENUISIERS INDUSTRIELS,Menuisier,SAINT-PIERRE-DES-ECHAUBROGNES,79700,ZI RUE ZI 79700 SAINT-PIERRE-DES-ECHAUBROGNES,389488719,38948871900037,,,,NON
MENUISIER DES BOSQUETS (MDB),Menuisier,NEUILLY-SUR-SEINE,92200,3 RUE DU COMMANDANT PILOT 92200 NEUILLY-SUR-SEINE,819372541,81937254100030,,,,NON
UNI NAT ADHERENT PARTENAIR ENGAGEM LIBRE (UNAPEL),Menuisier,CHAVILLE,92370,1713 AVENUE ROGER SALENGRO 92370 CHAVILLE,389293804,38929380400016,,,,NON
DIGITAL BY K (BOB LE MENUISIER),Menuisier,BOULOGNE-BILLANCOURT,92100,148-156 148 RUE GALLIENI 92100 BOULOGNE-BILLANCOURT,898227657,89822765700019,,,,NON
JOSE QUEIROS DO NASCIMENTO (JDN MENUISIER - EBENISTE),Menuisier,COLOMBES,92700,14 AVENUE CATHERINE 92700 COLOMBES,845251628,84525162800010,,,,NON
JOSE FERREIRA (JOSE FERREIRA MENUISIER),Menuisier,COURBEVOIE,92400,LES JARDINS DE SEINE 12 RUE MOLIERE 92400 COURBEVOIE,929652303,92965230300017,,,,NON
BENOIT PRIN (BENOIT PRIN MENUISIER),Menuisier,BOULOGNE-BILLANCOURT,92100,20 BOULEVARD JEAN JAURES 92100 BOULOGNE-BILLANCOURT,833557325,83355732500010,,,,NON
ALLAN GARNIER (GAM GARNER ARTISANT MENUISIER),Menuisier,MONTROUGE,92120,63 AVENUE PIERRE BROSSOLETTE 92120 MONTROUGE,903877371,90387737100018,,,,NON
M MENUISIER,Menuisier,AUBERVILLIERS,93300,19 ALLEE GEORGES LEBLANC 93300 AUBERVILLIERS,898646484,89864648400011,,,,NON
LES MENUISIERS,Menuisier,DRANCY,93700,22 AVENUE DESCARTES 93700 DRANCY,793470584,79347058400012,,,,NON
LES MENUISIERS PARISIENS,Menuisier,VILLEPINTE,93420,GVIO PARC DES ERABLES B15 PARIS NORD 2 154 ALLEE DES ERABLES 93420 VILLEPINTE,517615043,51761504300026,,,,NON
LES MENUISIERS DE PARIS (LMP),Menuisier,PANTIN,93500,186 AVENUE DU GENERAL LECLERC 93500 PANTIN,808444855,80844485500031,,,,NON
JBA MENUISIER,Menuisier,VITRY-SUR-SEINE,94400,157 AVENUE PAUL VAILLANT COUTURIER 94400 VITRY-SUR-SEINE,889610242,88961024200022,,,,NON
GAZZOLA MENUISIERS AGENCEURS,Menuisier,MONTREUIL,93100,18 AVENUE DU COLONEL FABIEN 93100 MONTREUIL,523668234,52366823400017,,,,NON
BV BAT MENUISIER,Menuisier,SAINT-DENIS,93200,12 RUE TAITTINGER 93200 SAINT-DENIS,833368012,83336801200013,,,,NON
MATTHIEU BOGAERT MENUISIER (MBM),Menuisier,SAINT-OUEN-SUR-SEINE,93400,2 RUE MAURICE AUDIN 93400 SAINT-OUEN-SUR-SEINE,938512506,93851250600016,,,,NON
LES MENUISIERS,Menuisier,PANTIN,93500,100-108 100 AVENUE DU GENERAL LECLERC 93500 PANTIN,503775132,50377513200023,,,,NON
LES MENUISIERS DU STAND (LMDS),Menuisier,LE BLANC-MESNIL,93150,102 AVENUE ARISTIDE BRIAND 93150 LE BLANC-MESNIL,423337302,42333730200016,,,,NON
LES MENUISIERS ALU,Menuisier,LE BOURGET,93350,43 AVENUE JEAN JAURES 93350 LE BOURGET,527664494,52766449400012,,,,NON
PRO - MENUISIER,Menuisier,MONTFERMEIL,93370,21-23 21 AVENUE MARCEL DASSAULT 93370 MONTFERMEIL,490622107,49062210700012,,,,NON
LES MENUISIERS D'ILE DE FRANCE,Menuisier,LES PAVILLONS-SOUS-BOIS,93320,ZONE DE LA POUDRETTE ALLEE DE LUXEMBOURG 93320 LES PAVILLONS-SOUS-BOIS,385218706,38521870600013,,,,NON
ASSOCIATION DES MENUISIERS ILE-DE-FRANCE (AMIF),Menuisier,BAGNOLET,93170,186 RUE ETIENNE MARCEL 93170 BAGNOLET,310458716,31045871600035,,,,NON
PROFESSION MENUISIER PARIS IDF (PMIDF),Menuisier,BAILLET-EN-FRANCE,95560,ZAE LE PONT DE BAILLET 95560 BAILLET-EN-FRANCE,525306817,52530681700020,,,,NON
UNION  MENUISIERS SERRURIERS DECORATEURS (UMSD),Menuisier,GAGNY,93220,7 RUE DU PRINTEMPS 93220 GAGNY,389253477,38925347700019,,,,NON
MIROITERIE DU VAL DE MARNE,Menuisier,VINCENNES,94300,22 RUE DE L'EGLISE 94300 VINCENNES,320798390,32079839000011,,,,NON
EL AID ZELLOUFI (ZELLOUFI MENUISIER),Menuisier,BAGNOLET,93170,162 RUE ROBESPIERRE 93170 BAGNOLET,984853259,98485325900013,,,,NON
CHAKIB BOUAZZA (LPM),Menuisier,AULNAY-SOUS-BOIS,93600,13 RUE DE POLOGNE 93600 AULNAY-SOUS-BOIS,901897132,90189713200014,,,,NON
IK MENUISIER,Menuisier,VITRY-SUR-SEINE,94400,23 VOIE BARYE 94400 VITRY-SUR-SEINE,944839190,94483919000013,,,,NON
MENUISIERS AU CARRE,Menuisier,VINCENNES,94300,1ER ETAGE APPARTEMENT 104 BATIMENT 104 RUE DE FONTENAY 94300 VINCENNES,911781557,91178155700010,,,,NON
LE MENUISIER VIP (LE MENUISIER VIP),Menuisier,ORLY,94310,49 B RUE DE L’AVIATION 94310 ORLY,920797289,92079728900013,,,,NON
ADS MENUISIER (ADS MENUISIER) (ADS),Menuisier,BRY-SUR-MARNE,94360,13 RUE DES HAUTS GUIBOUTS 94360 BRY-SUR-MARNE,991454083,99145408300015,,,,NON
MENUISIERS DU VAL DE MARNE (MVM),Menuisier,ARGENTEUIL,95100,112 RUE DENIS ROY 95100 ARGENTEUIL,492449087,49244908700021,,,,NON
LES MENUISIERS SAINT MAURIENS (MSM),Menuisier,SAINT-MAUR-DES-FOSSES,94100,19 AVENUE DE CONDE 94100 SAINT-MAUR-DES-FOSSES,788239697,78823969700014,,,,NON
COMPAGNONS MENUISIERS DE L'ILE DE FRANCE (CMIF),Menuisier,VILLEJUIF,94800,9 RUE DES COQUETTES 94800 VILLEJUIF,306782715,30678271500032,,,,NON
SCI LA BOURGEOISE,Menuisier,MAROLLES-EN-BRIE,94440,1 RUE DES MENUISIERS 94440 MAROLLES-EN-BRIE,812806677,81280667700017,,,,NON
SCI BONJL,Menuisier,MAROLLES-EN-BRIE,94440,1 RUE DES MENUISIERS 94440 MAROLLES-EN-BRIE,820398386,82039838600012,,,,NON
OLIVIER BOURGEOIS,Menuisier,MAROLLES-EN-BRIE,94440,1 RUE DES MENUISIERS 94440 MAROLLES-EN-BRIE,510489073,51048907300013,,,,NON
NATHALIE GATIGNOL,Menuisier,MAISONS-ALFORT,94700,138 AVENUE DE LA REPUBLIQUE 94700 MAISONS-ALFORT,414300004,41430000400010,,,,NON
FB2P,Menuisier,PARIS,75011,127 B BOULEVARD VOLTAIRE 75011 PARIS,829122951,82912295100033,,,,NON
