nom,secteur,ville,adresse,telephone,email
FONCIA TRANSACTION FRANCE,Agences immobilières,COURBEVOIE,18-19 - TOUR AURORE 18 PLACE DES REFLETS 92400 COURBEVOIE,0120180000,immoneuf-location@foncia.fr
ESPACES ATYPIQUES,Agences immobilières,PARIS,1 B AVENUE DE LA REPUBLIQUE 75011 PARIS,0142710384,contact@espaces-atypiques.com
FONCIA TRANSACTION FRANCE,Agences immobilières,COURBEVOIE,18-19 - TOUR AURORE 18 PLACE DES REFLETS 92400 COURBEVOIE,,
ESPACES ATYPIQUES,Agences immobilières,PARIS,1 B AVENUE DE LA REPUBLIQUE 75011 PARIS,,
FONCIA TRANSACTION FRANCE,Agences immobilières,COURBEVOIE,18-19 - TOUR AURORE 18 PLACE DES REFLETS 92400 COURBEVOIE,,
BNP PARIBAS REAL ESTATE ADVISORY FRANCE (BNPPRE ADVISORY FRANCE),Agences immobilières,BOULOGNE-BILLANCOURT,50 COURS DE L'ILE SEGUIN 92100 BOULOGNE-BILLANCOURT,,
ESPACE EXPANSION,Agences immobilières,PARIS,7 PLACE DU CHANCELIER ADENAUER 75016 PARIS,,
FONCIA TRANSACTION FRANCE,Agences immobilières,COURBEVOIE,18-19 - TOUR AURORE 18 PLACE DES REFLETS 92400 COURBEVOIE,,
ESPACES ATYPIQUES,Agences immobilières,PARIS,1 B AVENUE DE LA REPUBLIQUE 75011 PARIS,,
SOC FIDUCIAIRE NATIO EXPERTISE COMPTABLE (FIDUCIAL EXPERTISE ; JADE FIDUCIAL) (FID),Cabinets comptables,COURBEVOIE,41 RUE DU CAPITAINE GUYNEMER 92400 COURBEVOIE,,
RYDGE CONSEIL,Cabinets comptables,COURBEVOIE,TOUR EQHO 2 AVENUE GAMBETTA 92400 COURBEVOIE,,
SOC FIDUCIAIRE NATIO EXPERTISE COMPTABLE (FIDUCIAL EXPERTISE ; JADE FIDUCIAL) (FID),Cabinets comptables,COURBEVOIE,41 RUE DU CAPITAINE GUYNEMER 92400 COURBEVOIE,,
RYDGE CONSEIL,Cabinets comptables,COURBEVOIE,TOUR EQHO 2 AVENUE GAMBETTA 92400 COURBEVOIE,0973733000,
SOC FIDUCIAIRE NATIO EXPERTISE COMPTABLE (FIDUCIAL EXPERTISE ; JADE FIDUCIAL) (FID),Cabinets comptables,COURBEVOIE,41 RUE DU CAPITAINE GUYNEMER 92400 COURBEVOIE,,
KPMG,Cabinets comptables,COURBEVOIE,TOUR EQHO 2 AVENUE GAMBETTA 92400 COURBEVOIE,0155686868,
GRANT THORNTON,Cabinets comptables,NEUILLY-SUR-SEINE,29 RUE DU PONT 92200 NEUILLY-SUR-SEINE,,
SOC FIDUCIAIRE NATIO EXPERTISE COMPTABLE (FIDUCIAL EXPERTISE ; JADE FIDUCIAL) (FID),Cabinets comptables,COURBEVOIE,41 RUE DU CAPITAINE GUYNEMER 92400 COURBEVOIE,,
KPMG,Cabinets comptables,COURBEVOIE,TOUR EQHO 2 AVENUE GAMBETTA 92400 COURBEVOIE,0155686868,
ASSOCIATION NATIONALE D'ASSISTANCE FISCALE ET ADMINISTRATIVE DE GESTION ET DE COMPTABILITE (ANAFAGC),Cabinets comptables,LEVALLOIS-PERRET,37 RUE ANATOLE FRANCE 92300 LEVALLOIS-PERRET,,
ATALIAN PROPRETE,Nettoyage courant,PARIS,56 RUE AMPERE 75017 PARIS,,
DESPS (DBG FACILITY),Nettoyage courant,CRETEIL,51 CHEMIN DES MECHES 94000 CRETEIL,,
CLEANINVEST,Nettoyage courant,PARIS,7 RUE DE LA BAUME 75008 PARIS,,
ISOR EXPLOITATION,Nettoyage courant,LEVALLOIS-PERRET,42 RUE ANATOLE FRANCE 92300 LEVALLOIS-PERRET,0147867676,
DESPS (DBG FACILITY),Nettoyage courant,CRETEIL,51 CHEMIN DES MECHES 94000 CRETEIL,,
ATALIAN PROPRETE,Nettoyage courant,PARIS,56 RUE AMPERE 75017 PARIS,0155530300,contact@atalian.com
DESPS (DBG FACILITY),Nettoyage courant,CRETEIL,51 CHEMIN DES MECHES 94000 CRETEIL,,
ATALIAN PROPRETE,Nettoyage courant,PARIS,56 RUE AMPERE 75017 PARIS,,
POLYGON FRANCE (BRETAGNE ASSECHEMENT - NORMANDIE ASSISTANCE - MAINE ASSECHEMENT - POLYGON FRANCE),Nettoyage courant,PARIS,69 RUE DU CHEVALERET 75013 PARIS,0800303530,contact.fr@polygongroup.com.Envoyez
SERVICES MARKETING DIVERSIFIES,Agences de communication,PARIS,133 AVENUE DES CHAMPS ELYSEES 75008 PARIS,,
REGICOM WEBFORMANCE,Agences de communication,LEVALLOIS-PERRET,36-40 36 RUE RASPAIL 92300 LEVALLOIS-PERRET,,
EF INTERNATIONAL,Agences de communication,PARIS,5 AVENUE DE PROVENCE 75009 PARIS,,
V CONSEIL APPLICATIONS,Agences de communication,PARIS,10 RUE VANDREZANNE 75013 PARIS,,
PIXALIONE (PIXALIONE) (I.S.),Agences de communication,PARIS,6-6 -8 6 B RUE FIRMIN GILLOT 75015 PARIS,0183646090,
SERVICES MARKETING DIVERSIFIES,Agences de communication,PARIS,133 AVENUE DES CHAMPS ELYSEES 75008 PARIS,,
REGICOM WEBFORMANCE,Agences de communication,LEVALLOIS-PERRET,36-40 36 RUE RASPAIL 92300 LEVALLOIS-PERRET,,
PIXALIONE (PIXALIONE) (I.S.),Agences de communication,PARIS,6-6 -8 6 B RUE FIRMIN GILLOT 75015 PARIS,,
IPROSPECT FRANCE,Agences de communication,PARIS,67 AVENUE DE WAGRAM 75017 PARIS,,
DENTSUX FRANCE (DENTSUX FRANCE),Agences de communication,PARIS,67 AVENUE DE WAGRAM 75017 PARIS,0141166300,communication@dentsu.com
REGICOM WEBFORMANCE,Agences de communication,LEVALLOIS-PERRET,36-40 36 RUE RASPAIL 92300 LEVALLOIS-PERRET,,
BUZZEO,Agences de communication,MONTREUIL,11 B RUE RABELAIS 93100 MONTREUIL,,
PROMODIP,Agences de communication,PANTIN,42 RUE DES SEPT ARPENTS 93500 PANTIN,,
ARISTID SERVICES (CA INTERACTIVE - CA COM),Agences de communication,PARIS,49 AVENUE D'IENA 75016 PARIS,,
CEGEDIM MEDIA (C-MEDIA),Agences de communication,BOULOGNE-BILLANCOURT,137 RUE D'AGUESSEAU 92100 BOULOGNE-BILLANCOURT,,guillaume.dechamisso@prpa.fr
REGICOM WEBFORMANCE,Agences de communication,LEVALLOIS-PERRET,36-40 36 RUE RASPAIL 92300 LEVALLOIS-PERRET,,
DN'D (DN'D),Agences de communication,PARIS,6 RUE GERMAINE RICHIER 75013 PARIS,,
SYLLAGE (ANIMTEL) (MTE),Agences de communication,PARIS,62 RUE AMELOT 75011 PARIS,,contact@editions-sillage.fr
FERDINAND MARCOS,Agences de communication,MAISONS-ALFORT,63 RUE VICTOR HUGO 94700 MAISONS-ALFORT,,
RICHARD MARTINEZ,Agences de communication,PARIS,84 QUAI DE LA LOIRE 75019 PARIS,,
LIPPI (MERCIER PERE ET FILS),Travaux de finition,PARIS,2 RUE DES COLONELS RENARD 75017 PARIS,,
ADS,Travaux de finition,PARIS,128 RUE LA BOETIE 75008 PARIS,,contact@ads-groupe.com
HENOCQUE PISCINES,Travaux de finition,PARIS,102 AVENUE DES CHAMPS ELYSEES 75008 PARIS,0140701557,
L.A.D.B. (LES ARTISANS DU BATIMENT),Travaux de finition,LES LILAS,26/28 26 BOULEVARD DE LA LIBERTE 93260 LES LILAS,,
"PLANS CUISINES (L'ART COMPAGNONS, LEADER PLANS)",Travaux de finition,PARIS,95 RUE DE CHARENTON 75012 PARIS,0981463764,
HABITAT ETUDES & SERVICES (A.E.S.) (H.E.S.),Travaux de finition,ASNIERES-SUR-SEINE,24 RUE LEHOT 92600 ASNIERES-SUR-SEINE,,
ATELIER DES COMPAGNONS DU BATIMENT (A.C.B.) (AUX COMPAGNONS PARISIEN),Travaux de finition,PARIS,1 AVENUE TAILLADE 75020 PARIS,,
HABITAT ETUDES & SERVICES (A.E.S.) (H.E.S.),Travaux de finition,ASNIERES-SUR-SEINE,24 RUE LEHOT 92600 ASNIERES-SUR-SEINE,,
L.A.D.B. (LES ARTISANS DU BATIMENT),Travaux de finition,LES LILAS,26/28 26 BOULEVARD DE LA LIBERTE 93260 LES LILAS,,
ATELIER DES COMPAGNONS DU BATIMENT (A.C.B.) (AUX COMPAGNONS PARISIEN),Travaux de finition,PARIS,1 AVENUE TAILLADE 75020 PARIS,,
L.A.D.B. (LES ARTISANS DU BATIMENT),Travaux de finition,LES LILAS,26/28 26 BOULEVARD DE LA LIBERTE 93260 LES LILAS,,bonjour@yse-paris.com
ATELIER DES COMPAGNONS DU BATIMENT (A.C.B.) (AUX COMPAGNONS PARISIEN),Travaux de finition,PARIS,1 AVENUE TAILLADE 75020 PARIS,,
FRANCOLIVIER,Travaux de finition,LE RAINCY,10 B AVENUE DE LIVRY 93340 LE RAINCY,,
AFTRAL (AFTRAL),Formation continue,PARIS,46 AVENUE DE VILLIERS 75017 PARIS,,webmaster@alfacentre.org
AGENCE NATIONALE POUR LA FORMATION PROFESSIONNELLE DES ADULTES (AFPA),Formation continue,MONTREUIL,TOUR CITYSCOPE 3 RUE FRANKLIN 93100 MONTREUIL,,
AFPA ACCES A L' EMPLOI,Formation continue,MONTREUIL,TOUR CITYSCOPE 3 RUE FRANKLIN 93100 MONTREUIL,,
CENTRE NATIONAL DE LA FONCTION PUBLIQUE TERRITORIALE (CNFPT),Formation continue,PARIS,80 RUE DE REUILLY 75012 PARIS,0155274400,accueil.siege@cnfpt.fr
AFTRAL (AFTRAL),Formation continue,PARIS,46 AVENUE DE VILLIERS 75017 PARIS,,webmaster@alfacentre.org
AGENCE NATIONALE POUR LA FORMATION PROFESSIONNELLE DES ADULTES (AFPA),Formation continue,MONTREUIL,TOUR CITYSCOPE 3 RUE FRANKLIN 93100 MONTREUIL,,
AFPA ACCES A L' EMPLOI,Formation continue,MONTREUIL,TOUR CITYSCOPE 3 RUE FRANKLIN 93100 MONTREUIL,,
CENTRE NATIONAL DE LA FONCTION PUBLIQUE TERRITORIALE (CNFPT),Formation continue,PARIS,80 RUE DE REUILLY 75012 PARIS,0155274400,accueil.siege@cnfpt.fr
AFTRAL (AFTRAL),Formation continue,PARIS,46 AVENUE DE VILLIERS 75017 PARIS,,webmaster@alfacentre.org
AGENCE NATIONALE POUR LA FORMATION PROFESSIONNELLE DES ADULTES (AFPA),Formation continue,MONTREUIL,TOUR CITYSCOPE 3 RUE FRANKLIN 93100 MONTREUIL,,
AFPA ACCES A L' EMPLOI,Formation continue,MONTREUIL,TOUR CITYSCOPE 3 RUE FRANKLIN 93100 MONTREUIL,,
CENTRE NATIONAL DE LA FONCTION PUBLIQUE TERRITORIALE (CNFPT),Formation continue,PARIS,80 RUE DE REUILLY 75012 PARIS,,
AFTRAL (AFTRAL),Formation continue,PARIS,46 AVENUE DE VILLIERS 75017 PARIS,,webmaster@alfacentre.org
AGENCE NATIONALE POUR LA FORMATION PROFESSIONNELLE DES ADULTES (AFPA),Formation continue,MONTREUIL,TOUR CITYSCOPE 3 RUE FRANKLIN 93100 MONTREUIL,,
AFPA ACCES A L' EMPLOI,Formation continue,MONTREUIL,TOUR CITYSCOPE 3 RUE FRANKLIN 93100 MONTREUIL,,joel.franck@afpa.fr
CENTRE NATIONAL DE LA FONCTION PUBLIQUE TERRITORIALE (CNFPT),Formation continue,PARIS,80 RUE DE REUILLY 75012 PARIS,,
ASSOCIATION POUR L'EMPLOI DES CADRES (APEC),Cabinets de recrutement,PARIS,51 BOULEVARD BRUNE 75014 PARIS,,
"LHH RECRUITMENT SOLUTIONS (LHH RECRUITMENT SOLUTIONS, BADENOCH & CLARK, RH SANTE)",Cabinets de recrutement,COURBEVOIE,COEUR DEFENSE 90 ESPLANADE DU GENERAL DE GAULLE 92400 COURBEVOIE,,
ASSOCIATION POUR L'EMPLOI DES CADRES (APEC),Cabinets de recrutement,PARIS,51 BOULEVARD BRUNE 75014 PARIS,,
"LHH RECRUITMENT SOLUTIONS (LHH RECRUITMENT SOLUTIONS, BADENOCH & CLARK, RH SANTE)",Cabinets de recrutement,COURBEVOIE,COEUR DEFENSE 90 ESPLANADE DU GENERAL DE GAULLE 92400 COURBEVOIE,,
MACANDERS GROUP (MACANDERS),Cabinets de recrutement,PARIS,54 AVENUE MARCEAU 75008 PARIS,,
LINKING TALENTS RECRUTEMENT (LTR),Cabinets de recrutement,PARIS,78 AVENUE DES CHAMPS ELYSEES 75008 PARIS,0180886102,contact@linkingtalents.fr
COOPTALIS (COOPTALIS),Cabinets de recrutement,PARIS,4 RUE DU FAUBOURG MONTMARTRE 75009 PARIS,,
ASSOCIATION POUR L'EMPLOI DES CADRES (APEC),Cabinets de recrutement,PARIS,51 BOULEVARD BRUNE 75014 PARIS,,
BIMBAMJOB,Cabinets de recrutement,PARIS,117 RUE DE CHARENTON 75012 PARIS,0176441361,contact@bimbamjob.fr
SOFIANE IKHENFER (JOB MERCATO),Cabinets de recrutement,NEUILLY-PLAISANCE,2 RUE DES HERSIERS 93360 NEUILLY-PLAISANCE,,
ASSOCIATION POUR L'EMPLOI DES CADRES (APEC),Cabinets de recrutement,PARIS,51 BOULEVARD BRUNE 75014 PARIS,,
COMET,Cabinets de recrutement,NEUILLY-SUR-SEINE,104 AVENUE CHARLES DE GAULLE 4 ALLEE FERRAND 92200 NEUILLY-SUR-SEINE,0754130010,
R2T PLACEMENT ET MANAGEMENT (R2T PLACEMENT ET MANAGEMENT),Cabinets de recrutement,PARIS,109 BOULEVARD MALESHERBES 75008 PARIS,,
SETTI BENCHEHIDA,Cabinets de recrutement,CHARENTON-LE-PONT,BAT A APT 9 18 QUAI DES CARRIERES 94220 CHARENTON-LE-PONT,,
VAL DE BRIE EMMAUS,Cabinets de recrutement,VILLIERS-SUR-MARNE,1 RUE DE LA FRATERNITE 94350 VILLIERS-SUR-MARNE,0149301146,
